id,name1,name2,address,lat,lng,status,error
1,京都会館,京都会館,岡崎最勝寺町13番地,35.0143505,135.7808027,OK,
2,北文化会館,北文化会館,小山北上総町49番地の2,35.0445302,135.7583399,OK,
3,東部文化会館,東部文化会館,椥辻西浦町1番地の8,34.9763537,135.814013,OK,
4,右京ふれあい文化会館,右京ふれあい文化会館,太秦安井西裏町11番地の6,35.0167847,135.7173865,OK,
5,西文化会館ウエスティ,西文化会館ウエスティ,上桂森下町31番地の1,34.9849461,135.6941623,OK,
6,呉竹文化センター,呉竹文化センター,京町南七丁目35番地の1,34.938073,135.7645014,OK,
7,,パセオダイゴロー 西館,醍醐高畑町30番地の1,34.9511106,135.8107724,OK,
8,醍醐中央図書館,,醍醐高畑町30番地の1,34.9511106,135.8107724,OK,
9,醍醐中央児童館,,醍醐高畑町30番地の1,34.9511106,135.8107724,OK,
10,醍醐交流会館,,醍醐高畑町30番地の1,34.9511106,135.8107724,OK,
11,醍醐駐車場,,醍醐高畑町30番地の1,34.9511106,135.8107724,OK,
12,醍醐地域体育館,,醍醐高畑町30番地の1,34.9511106,135.8107724,OK,
13,醍醐老人デイサービスセンター,,醍醐高畑町30番地の1,34.9511106,135.8107724,OK,
14,醍醐老人福祉センター,,醍醐高畑町30番地の1,34.9511106,135.8107724,OK,
15,シルバー人材センター（東部支部事務所）,,醍醐高畑町30番地の1,34.9511106,135.8107724,OK,
16,,久世ふれあいセンター,久世築山町328番地,34.9578541,135.724731,OK,
17,久世ふれあいセンター図書館,,久世築山町328番地,34.9578541,135.724731,OK,
18,久世ふれあいセンター,,久世築山町328番地,34.9578541,135.724731,OK,
19,久世老人デイサービスセンター,,久世築山町328番地,34.9578541,135.724731,OK,
20,久世特別養護老人ホーム,,久世築山町328番地,34.9578541,135.724731,OK,
21,久世地域包括支援センター,,久世築山町328番地,34.9578541,135.724731,OK,
22,京都コンサートホール,京都コンサートホール,下鴨半木町1番地の26,35.0499587,135.7667078,OK,
23,円山公園音楽堂,円山公園音楽堂 奏楽堂,円山町 円山公園内,35.0035587,135.7805269,OK,
24,円山公園音楽堂,円山公園音楽堂 便所,円山町 円山公園内,35.0035587,135.7805269,OK,
25,京都芸術センター,京都芸術センター,室町通蛸薬師下る山伏山町546番2,35.0053026,135.7585356,OK,
26,京都芸術センター,元明倫幼稚園,室町通蛸薬師下る山伏山町山553,35.0055868,135.75817,OK,
27,矢代多目的ホール,矢代多目的ホール,京北矢代中町馬場谷道ノ上29-1ほか,35.181535,135.6003246,OK,
28,国際交流会館,国際交流会館 別館,粟田口鳥居町2番地の1,35.0106866,135.7875028,OK,
29,国際交流会館,国際交流会館 本館,粟田口鳥居町2番地の1,35.0106866,135.7875028,OK,
30,大学のまち交流センター,大学のまち交流センター,西洞院通塩小路下る東塩小路町939番地,34.9863884,135.7557349,OK,
31,,ひと・まち交流館　京都,西木屋町通上ノ口上る梅湊町83番地の1,34.9931917,135.7651265,OK,
32,景観・まちづくりセンター,,西木屋町通上ノ口上る梅湊町83番地の1,34.9931917,135.7651265,OK,
33,市民活動総合センター,,西木屋町通上ノ口上る梅湊町83番地の1,34.9931917,135.7651265,OK,
34,福祉ボランティアセンター,,西木屋町通上ノ口上る梅湊町83番地の1,34.9931917,135.7651265,OK,
35,長寿すこやかセンター,,西木屋町通上ノ口上る梅湊町83番地の1,34.9931917,135.7651265,OK,
36,菊浜老人短期入所施設,,西木屋町通上ノ口上る梅湊町83番地の1,34.9931917,135.7651265,OK,
37,,北いきいき市民活動センター 本館,紫野北花ノ坊町18番地,35.0417781,135.7373524,OK,
38,楽只保育所,,紫野北花ノ坊町18番地,35.0417781,135.7373524,OK,
39,北いきいき市民活動センター,,紫野北花ノ坊町18番地,35.0417781,135.7373524,OK,
40,岡崎いきいき市民活動センター,岡崎いきいき市民活動センター 本館,岡崎最勝寺町2番地,35.013766,135.7791351,OK,
41,岡崎いきいき市民活動センター,岡崎いきいき市民活動センター 分室,岡崎最勝寺町1番地の2,35.0144291,135.7790929,OK,
42,左京東部いきいき市民活動センター,左京東部いきいき市民活動センター 本館,鹿ケ谷高岸町3番地の2,35.0157719,135.7930535,OK,
43,左京東部いきいき市民活動センター,左京東部いきいき市民活動センター 旧館,鹿ケ谷高岸町3番地の2,35.0157719,135.7930535,OK,
44,左京東部いきいき市民活動センター,左京東部いきいき市民活動センター 高齢者ふれあいサロン,鹿ケ谷高岸町3番地の2,35.0157719,135.7930535,OK,
45,,左京西部いきいき市民活動センター 本館,田中玄京町149番地,35.0324119,135.776352,OK,
46,養正保育所,,田中玄京町149番地,35.0324119,135.776352,OK,
47,左京西部いきいき市民活動センター,,田中玄京町149番地,35.0324119,135.776352,OK,
48,左京西部いきいき市民活動センター,左京西部いきいき市民活動センター 高齢者ふれあいサロン,田中馬場町20番地,35.0325106,135.7759894,OK,
49,中京いきいき市民活動センター,中京いきいき市民活動センター,西ノ京新建町12番地の34,35.0095262,135.7328601,OK,
50,東山いきいき市民活動センター,東山いきいき市民活動センター 高齢者ふれあいサロン,三条通大橋東入2丁目下る巽町442番地の9,35.0079063,135.7769115,OK,
51,,東山いきいき市民活動センター 本館,三条通大橋東入2丁目下る巽町442番地の9,35.0079063,135.7769115,OK,
52,三条学童保育所,,三条通大橋東入2丁目下る巽町442番地の9,35.0079063,135.7769115,OK,
53,東山いきいき市民活動センター,,三条通大橋東入2丁目下る巽町442番地の9,35.0079063,135.7769115,OK,
54,東山保健センター三条分室,,三条通大橋東入2丁目下る巽町442番地の9,35.0079063,135.7769115,OK,
55,下京いきいき市民活動センター,下京いきいき市民活動センター 第１高齢者ふれあいサロン,西之町１１１,34.9847647,135.7645014,OK,
56,,下京いきいき市民活動センター 本館,上之町38番地,34.986976,135.7650938,OK,
57,下京いきいき市民活動センター,,上之町38番地,34.986976,135.7650938,OK,
58,崇仁老人デイサービスセンター,,上之町38番地,34.986976,135.7650938,OK,
59,下京東部地域包括支援センター,,上之町38番地,34.986976,135.7650938,OK,
60,,吉祥院いきいき市民活動センター 別館,吉祥院砂ノ町45番地,34.9689559,135.7319275,OK,
61,吉祥院いきいき市民活動センター 高齢者ふれあいサロン,,吉祥院砂ノ町45番地,34.9689559,135.7319275,OK,
62,南保健センター吉祥院分室,,吉祥院砂ノ町45番地,34.9689559,135.7319275,OK,
63,上鳥羽北部いきいき市民活動センター,上鳥羽北部いきいき市民活動センター,上鳥羽南唐戸町62番地の2,34.9720329,135.7421451,OK,
64,上鳥羽南部いきいき市民活動センター,上鳥羽南部いきいき市民活動センター,上鳥羽山ノ本町332番地,34.9613601,135.7375359,OK,
65,久世いきいき市民活動センター,久世いきいき市民活動センター 高齢者ふれあいサロン,久世大築町61番地,34.96042,135.7220146,OK,
66,久世いきいき市民活動センター,久世いきいき市民活動センター 本館,久世大築町54番地の1,34.9605316,135.7215678,OK,
67,醍醐いきいき市民活動センター,醍醐いきいき市民活動センター 本館,醍醐外山街道町21番地の21,34.9399652,135.8135663,OK,
68,醍醐いきいき市民活動センター,醍醐いきいき市民活動センター 高齢者ふれあいサロン,醍醐外山街道町24番地の4,34.9399704,135.8136741,OK,
69,,伏見いきいき市民活動センター 本館,深草加賀屋敷町6番地の2,34.9495124,135.7580589,OK,
70,ふれあいの杜「伏見学習室」,,深草加賀屋敷町6番地の2,34.9495124,135.7580589,OK,
71,伏見いきいき市民活動センター,,深草加賀屋敷町6番地の2,34.9495124,135.7580589,OK,
72,伏見いきいき市民活動センター,伏見いきいき市民活動センター 高齢者ふれあいサロン,竹田醍醐田町41番地,34.9485241,135.755347,OK,
73,伏見いきいき市民活動センター,伏見いきいき市民活動センター 分室,深草加賀屋敷町24番地の26,34.9481293,135.7569818,OK,
74,,男女共同参画センター（ウイングス京都）,東洞院通六角下る御射山町262番地,35.0068552,135.7614265,OK,
75,中央青少年活動センター,,東洞院通六角下る御射山町262番地,35.0068552,135.7614265,OK,
76,男女共同参画センター（ウイングス京都）,,東洞院通六角下る御射山町262番地,35.0068552,135.7614265,OK,
77,,北区総合庁舎 西庁舎,紫野西御所田町56,35.0409552,135.7534923,OK,
78,北青少年活動センター,,紫野西御所田町56,35.0409552,135.7534923,OK,
79,北区役所,,紫野西御所田町56,35.0409552,135.7534923,OK,
80,山科青少年活動センター,山科青少年活動センター,竹鼻四丁野町42番地,34.9859604,135.8153163,OK,
81,南青少年活動センター,南青少年活動センター,西九条南田町72番地,34.9762911,135.7479786,OK,
82,南青少年活動センター,南青少年活動センター 物置,西九条南田町72番地,34.9762911,135.7479786,OK,
83,環境保全活動センター,環境保全活動センター,深草池ノ内町13,34.9559941,135.7661712,OK,
84,共生社会推進室分室,共生社会推進室分室,紫野大徳寺町44番地の1,35.045316,135.7440469,OK,
85,待鳳学区老人集会所,待鳳学区老人集会所,広河原杓子屋町98番地,35.2503349,135.7657037,OK,
86,堰源集会所,堰源集会所,樫原塚ノ本町1番地,34.9720928,135.6920179,OK,
87,西京区ボランティアビューロー,西京区ボランティアビューロー,西七条南衣田町42番地の3,34.9888566,135.7315927,OK,
88,西大路学区集会所,西大路学区集会所,久世上久世町262番地,34.9647956,135.7148384,OK,
89,上久世集会所，久世福祉クラブ集会所,上久世集会所，久世福祉クラブ集会所,唐橋経田町39番地,34.9765471,135.7422062,OK,
90,南区ボランティアセンター,南区ボランティアセンター,京北下中町東石原,35.1968356,135.6389556,OK,
91,弓削自治会館,弓削自治会館,京北宮町宮野80-1,35.204152,135.7199446,OK,
92,黒田基幹集落センター,黒田基幹集落センター,京北細野町東ノ垣内10-2,35.1237705,135.642055,OK,
93,細野グリーン会館,細野グリーン会館,京北周山町上ノ段16-2ほか,35.1493288,135.6323086,OK,
94,教育集会所,教育集会所,京北周山町明ケ市,35.1481002,135.6343026,OK,
95,老人児童センター,老人児童センター,京北中地町蛸谷口90,35.1387117,135.5930361,OK,
96,宇津ふれあい会館,宇津ふれあい会館,京北比賀江町院谷ほか,35.1817553,135.6630406,OK,
97,山国地区公民館,山国地区公民館,周山町下台5-1,35.1569349,135.6319393,OK,
98,中央公民館,中央公民館,太秦京ノ道町13番地の10,35.0206978,135.7030112,OK,
99,常磐野自治会館等,元計量検査所会議棟,松尾鈴川町65番地,34.9926146,135.6962606,OK,
100,鈴川公民館,鈴川公民館,松尾鈴川町65番地,34.9926146,135.6962606,OK,
101,鈴川公民館,鈴川公民館 自転車置場,桂南巽町88番地,34.9805259,135.7011073,OK,
102,桂西口会館,桂西口会館,御陵大枝山町三丁目13番地1,34.9871944,135.6680106,OK,
103,もくれん自治会館,もくれん自治会館,御陵峰ケ堂町二丁目1-346,34.9854828,135.6761816,OK,
104,さくら自治会館,さくら自治会館,大枝北沓掛町七丁目9番13,34.9801779,135.6667046,OK,
105,桂坂くるみ自治会館,桂坂くるみ自治会館,大原野灰方町445番地の2,34.9532406,135.6674286,OK,
106,,大原野総合自治会館,大原野灰方町445番地の2,34.9532406,135.6674286,OK,
107,大原野倉庫,,大原野灰方町445番地の2,34.9532406,135.6674286,OK,
108,大原野総合自治会館,,羽束師志水町73番地の3,34.9299917,135.727216,OK,
109,羽束師志水町公会堂,羽束師志水町公会堂,久我御旅町3番地の3,34.9421222,135.7327809,OK,
110,久我自治連合会館,久我自治連合会館,下板橋町610番地,34.9387967,135.761575,OK,
111,板橋小学校内集会所（板橋会館）,板橋小学校内集会所（板橋会館）,大和町568番4,34.9427667,135.7606692,OK,
112,住吉会館,住吉会館,淀水垂町,34.9125157,135.71539,OK,
113,水垂会館,水垂会館,久世大築町40番地,34.9614289,135.721346,OK,
114,旧久世コミュニティセンター別館,旧久世コミュニティセンター別館,醍醐外山街道町27番地の2,34.9394979,135.8136176,OK,
115,旧辰巳コミュニティセンター別館,旧辰巳コミュニティセンター別館,二条通堀川西入二条城町541番地,35.0151103,135.7477878,OK,
116,元離宮二条城,元離宮二条城 清流園便所,二条通堀川西入二条城町541番地,35.0151103,135.7477878,OK,
117,元離宮二条城,元離宮二条城 大休憩所,二条通堀川西入二条城町541番地,35.0151103,135.7477878,OK,
118,元離宮二条城,元離宮二条城 和楽庵,二条通堀川西入二条城町541番地,35.0151103,135.7477878,OK,
119,元離宮二条城,元離宮二条城 香雲亭,二条通堀川西入二条城町541番地,35.0151103,135.7477878,OK,
120,元離宮二条城,元離宮二条城 事務所,二条通堀川西入二条城町541番地,35.0151103,135.7477878,OK,
121,元離宮二条城,元離宮二条城 本丸西橋便所,二条通堀川西入二条城町541番地,35.0151103,135.7477878,OK,
122,元離宮二条城,元離宮二条城 農薬置場,二条通堀川西入二条城町541番地,35.0151103,135.7477878,OK,
123,元離宮二条城,元離宮二条城 管理係倉庫,二条通堀川西入二条城町541番地,35.0151103,135.7477878,OK,
124,元離宮二条城,元離宮二条城 保存整備係倉庫,二条通堀川西入二条城町541番地,35.0151103,135.7477878,OK,
125,元離宮二条城,元離宮二条城 出札室,二条通堀川西入二条城町541番地,35.0151103,135.7477878,OK,
126,元離宮二条城,元離宮二条城 駐輪場（１）,二条通堀川西入二条城町541番地,35.0151103,135.7477878,OK,
127,元離宮二条城,元離宮二条城 オイル貯蔵庫（緑の園）,二条通堀川西入二条城町541番地,35.0151103,135.7477878,OK,
128,元離宮二条城,元離宮二条城 警備ボックス（北大手門）,二条通堀川西入二条城町541番地,35.0151103,135.7477878,OK,
129,元離宮二条城,案内所,二条通堀川西入二条城町541番地,35.0151103,135.7477878,OK,
130,元離宮二条城,元離宮二条城 旧収蔵庫,二条通堀川西入二条城町541番地,35.0151103,135.7477878,OK,
131,元離宮二条城,元離宮二条城 緑の園便所,二条通堀川西入二条城町541番地,35.0151103,135.7477878,OK,
132,元離宮二条城,元離宮二条城 機械庫・車庫（１）,二条通堀川西入二条城町541番地,35.0151103,135.7477878,OK,
133,元離宮二条城,元離宮二条城 二条城障壁画展示収蔵館,二条通堀川西入二条城町541番地,35.0151103,135.7477878,OK,
134,元離宮二条城,元離宮二条城 番所,二条通堀川西入二条城町541番地,35.0151103,135.7477878,OK,
135,元離宮二条城,元離宮二条城 本丸西橋休憩所（朱雀庵）,二条通堀川西入二条城町541番地,35.0151103,135.7477878,OK,
136,元離宮二条城,元離宮二条城 二之丸御殿,二条通堀川西入二条城町541番地,35.0151103,135.7477878,OK,
137,元離宮二条城,元離宮二条城 清流園休憩所,南禅寺草川町31番地,35.0116298,135.786946,OK,
138,無鄰菴,無鄰菴 母屋,南禅寺草川町31番地,35.0116298,135.786946,OK,
139,無鄰菴,無鄰菴 洋館,南禅寺草川町31番地,35.0116298,135.786946,OK,
140,無鄰菴,無鄰菴 茶室,南禅寺草川町31番地,35.0116298,135.786946,OK,
141,無鄰菴,無鄰菴 管理人棟,岩倉上蔵町100番地,35.078257,135.7831854,OK,
142,岩倉具視幽棲旧宅,岩倉具視幽棲旧宅 対岳文庫,岩倉上蔵町100番地,35.078257,135.7831854,OK,
143,岩倉具視幽棲旧宅,岩倉具視幽棲旧宅 事務所,岩倉上蔵町100番地,35.078257,135.7831854,OK,
144,岩倉具視幽棲旧宅,岩倉具視幽棲旧宅 主屋,岩倉上蔵町100番地,35.078257,135.7831854,OK,
145,岩倉具視幽棲旧宅,岩倉具視幽棲旧宅 物置,岩倉上蔵町100番地,35.078257,135.7831854,OK,
146,岩倉具視幽棲旧宅,岩倉具視幽棲旧宅 便所,末丸町284,35.015362,135.7701331,OK,
147,旧木戸邸,旧木戸邸 達磨堂,末丸町284,35.015362,135.7701331,OK,
148,旧木戸邸,旧木戸邸 明治記念館,祇園町北側627番地,35.0049199,135.7792268,OK,
149,祇園祭山鉾館,祇園祭山鉾館,桃山町大蔵,34.9409401,135.7787595,OK,
150,伏見桃山城,伏見桃山城 天守閣・渡り廊下・小天守閣,桃山町大蔵,34.9409401,135.7787595,OK,
151,伏見桃山城,伏見桃山城 城門,桃山町大蔵,34.9409401,135.7787595,OK,
152,伏見桃山城,伏見桃山城 便所,今町659番地の1,34.9354643,135.7618355,OK,
153,伏見中央図書館,伏見中央図書館,紫野雲林院町44番地の1,35.0410125,135.7496435,OK,
154,,北合同福祉センター,紫野雲林院町44番地の1,35.0410125,135.7496435,OK,
155,北図書館,,紫野雲林院町44番地の1,35.0410125,135.7496435,OK,
156,紫野児童館,,紫野雲林院町44番地の1,35.0410125,135.7496435,OK,
157,北老人福祉センター,,紫野雲林院町44番地の1,35.0410125,135.7496435,OK,
158,紫野障害者授産所,,高野西開町5番地,35.0381147,135.7780612,OK,
159,,左京合同福祉センター,高野西開町5番地,35.0381147,135.7780612,OK,
160,左京図書館,,高野西開町5番地,35.0381147,135.7780612,OK,
161,高野児童館,,高野西開町5番地,35.0381147,135.7780612,OK,
162,左京老人デイサービスセンター,,高野西開町5番地,35.0381147,135.7780612,OK,
163,左京老人福祉センター,,岩倉下在地町16番地,35.0745809,135.7858486,OK,
164,岩倉図書館,岩倉図書館,竹鼻四丁野町34番地の1,34.9865066,135.8162216,OK,
165,,山科合同福祉センター,竹鼻四丁野町34番地の1,34.9865066,135.8162216,OK,
166,山科図書館,,竹鼻四丁野町34番地の1,34.9865066,135.8162216,OK,
167,山科身体障害者福祉会館,,竹鼻四丁野町34番地の1,34.9865066,135.8162216,OK,
168,やましな学園,,竹鼻四丁野町34番地の1,34.9865066,135.8162216,OK,
169,山科障害者授産所,,竹鼻四丁野町34番地の1,34.9865066,135.8162216,OK,
170,山科障害者デイサービスセンター,,新町通松原下る富永町110番地の1,34.9979976,135.7569768,OK,
171,,下京修徳ふれあい福祉会館,新町通松原下る富永町110番地の1,34.9979976,135.7569768,OK,
172,下京図書館,,新町通松原下る富永町110番地の1,34.9979976,135.7569768,OK,
173,修徳児童館,,新町通松原下る富永町110番地の1,34.9979976,135.7569768,OK,
174,修徳老人デイサービスセンター,,新町通松原下る富永町110番地の1,34.9979976,135.7569768,OK,
175,修徳特別養護老人ホーム,,新町通松原下る富永町110番地の1,34.9979976,135.7569768,OK,
176,修徳地域包括支援センター,,吉祥院池田町1番地,34.9680441,135.7344384,OK,
177,吉祥院図書館,吉祥院図書館,吉祥院池田町1番地,34.9680441,135.7344384,OK,
178,吉祥院図書館,吉祥院図書館 自転車置場,山田大吉見町20番地の3,34.9812722,135.6906131,OK,
179,西京図書館,西京図書館,向島二ノ丸町151番地の35,34.9173009,135.7730391,OK,
180,向島図書館,向島図書館,石田西ノ坪1番地の2,34.9385749,135.8008262,OK,
181,,元東余熱利用センター,石田西ノ坪1番地の2,34.9385749,135.8008262,OK,
182,東温水プール,,石田西ノ坪1番地の2,34.9385749,135.8008262,OK,
183,醍醐図書館,,石田西ノ坪1番地の2,34.9385749,135.8008262,OK,
184,老人保養センター,,岡崎法勝寺町岡崎公園内,35.0134144,135.7850382,OK,
185,美術館,美術館 別館,岡崎法勝寺町岡崎公園内,35.0134144,135.7850382,OK,
186,美術館,美術館 本館,岡崎法勝寺町岡崎公園内,35.0134144,135.7850382,OK,
187,美術館,美術館 付属棟,今出川通大宮東入元伊佐町265番地の1,35.0300843,135.749717,OK,
188,考古資料館,考古資料館 陳列館,今出川通大宮東入元伊佐町265番地の1,35.0300843,135.749717,OK,
189,考古資料館,考古資料館 事務所,今出川通大宮東入元伊佐町265番地の1,35.0300843,135.749717,OK,
190,考古資料館,考古資料館 収蔵庫,寺町通荒神口下る松蔭町138番地の1,35.0191422,135.767686,OK,
191,歴史資料館,歴史資料館,岡崎法勝寺町岡崎公園内,35.0134144,135.7850382,OK,
192,動物園,動物園 動物舎９（類人猿舎）,岡崎法勝寺町岡崎公園内,35.0134144,135.7850382,OK,
193,動物園,動物園 類人猿舎内・便所,岡崎法勝寺町岡崎公園内,35.0134144,135.7850382,OK,
194,動物園,動物園 動物舎17（レッサーパンダ）,岡崎法勝寺町岡崎公園内,35.0134144,135.7850382,OK,
195,動物園,動物園 休憩所（友ちゃんハウス）,岡崎法勝寺町岡崎公園内,35.0134144,135.7850382,OK,
196,動物園,動物園 インクライン（休憩所）,岡崎法勝寺町岡崎公園内,35.0134144,135.7850382,OK,
197,動物園,動物園 動物舎27（新サル舎）,岡崎法勝寺町岡崎公園内,35.0134144,135.7850382,OK,
198,動物園,動物園 レッサーパンダ，ロバ・ヤギ・ヒツジ，ふれあい棟,岡崎法勝寺町岡崎公園内,35.0134144,135.7850382,OK,
199,動物園,動物園 休憩所,岡崎法勝寺町岡崎公園内,35.0134144,135.7850382,OK,
200,動物園,動物園 「もうじゅうワールド」・トラ舎,岡崎法勝寺町岡崎公園内,35.0134144,135.7850382,OK,
201,動物園,動物園 「もうじゅうワールド」・ライオン・ジャガー舎,岡崎法勝寺町岡崎公園内,35.0134144,135.7850382,OK,
202,動物園,動物園 バク舎,岡崎法勝寺町岡崎公園内,35.0134144,135.7850382,OK,
203,動物園,動物園 糞処理小屋,岡崎法勝寺町岡崎公園内,35.0134144,135.7850382,OK,
204,動物園,動物園 ポンプ室,岡崎法勝寺町岡崎公園内,35.0134144,135.7850382,OK,
205,動物園,動物園 「アフリカの草原」畜舎,岡崎法勝寺町岡崎公園内,35.0134144,135.7850382,OK,
206,動物園,動物園 「ひかり・みず・みどりの熱帯動物館」施設,岡崎法勝寺町岡崎公園内,35.0134144,135.7850382,OK,
207,動物園,動物園 動物病院・事務所棟,岡崎法勝寺町岡崎公園内,35.0134144,135.7850382,OK,
208,動物園,動物園 救護センター棟,岡崎法勝寺町岡崎公園内,35.0134144,135.7850382,OK,
209,動物園,動物園 ゴリラのおうち～樹林のすみか～,岡崎法勝寺町岡崎公園内,35.0134144,135.7850382,OK,
210,動物園,動物園　学習施設棟,清水二丁目205-5,34.9974107,135.7803892,OK,
211,文化財建造物保存技術研修センター,文化財建造物保存技術研修センター,西九条菅田町7番地,34.9737588,135.7464724,OK,
212,市民防災センター,市民防災センター,深草池ノ内町13番地,34.9559941,135.7661712,OK,
213,青少年科学センター,青少年科学センター,深草池ノ内町13番地,34.9559941,135.7661712,OK,
214,青少年科学センター,青少年科学センター 特別展示棟,御幸町通仏光寺下る橘町437,35.0008319,135.765757,OK,
215,学校歴史博物館,学校歴史博物館 講堂棟(講堂・展示室棟）,御幸町通仏光寺下る橘町437,35.0008319,135.765757,OK,
216,学校歴史博物館,学校歴史博物館 校舎棟（事務室・展示室棟）,御幸町通仏光寺下る橘町437,35.0008319,135.765757,OK,
217,学校歴史博物館,学校歴史博物館 増築棟（収蔵庫棟）,紫野花ノ坊町23番地の1,35.041017,135.7379954,OK,
218,ツラッティ千本,ツラッティ千本,烏丸通御池上る 元龍池小学校,35.0108822,135.7596054,OK,
219,京都国際マンガミュージアム,京都国際マンガミュージアム 屋内運動場,烏丸通御池上る 元龍池小学校,35.0108822,135.7596054,OK,
220,京都国際マンガミュージアム,京都国際マンガミュージアム 教室１,烏丸通御池上る 元龍池小学校,35.0108822,135.7596054,OK,
221,京都国際マンガミュージアム,京都国際マンガミュージアム 教室２,烏丸通御池上る 元龍池小学校,35.0108822,135.7596054,OK,
222,京都国際マンガミュージアム,京都国際マンガミュージアム 倉庫,下之町6番地の3,34.9859608,135.7648712,OK,
223,柳原銀行記念資料館,柳原銀行記念資料館,大枝北福西町二丁目300番地3,34.9591142,135.686953,OK,
224,竹の資料館,竹の資料館,久我東町216番地,34.9354899,135.7286886,OK,
225,,久我の杜生涯学習プラザ,久我東町216番地,34.9354899,135.7286886,OK,
226,久我のもり図書館,,久我東町216番地,34.9354899,135.7286886,OK,
227,久我の杜生涯学習プラザ,,聚楽廻松下町9番地の2,35.0190312,135.7385579,OK,
228,,生涯学習総合センター（京都アスニー）,聚楽廻松下町9番地の2,35.0190312,135.7385579,OK,
229,生涯学習総合センター,,聚楽廻松下町9番地の2,35.0190312,135.7385579,OK,
230,中央図書館,,竹鼻竹ノ街道町92番地,34.9900725,135.8177781,OK,
231,,ラクト山科（ラクトC）,竹鼻竹ノ街道町92番地,34.9900725,135.8177781,OK,
232,生涯学習総合センター山科,,竹鼻竹ノ街道町92番地,34.9900725,135.8177781,OK,
233,生涯学習総合センター山科 駐車場,,竹鼻竹ノ街道町92番地,34.9900725,135.8177781,OK,
234,生涯学習総合センター山科 駐車場,,壬生仙念町30番地の2,35.0038487,135.7352611,OK,
235,労働学校,労働学校,西京極新明町29番地,34.9937522,135.712438,OK,
236,西京極総合運動公園陸上競技場兼球技場,西京極総合運動公園陸上競技場兼球技場 メインスタンド,西京極新明町29番地,34.9937522,135.712438,OK,
237,西京極総合運動公園陸上競技場兼球技場,西京極総合運動公園陸上競技場兼球技場 バックスタンド，北スタンド，南スタンド,西京極新明町29番地,34.9937522,135.712438,OK,
238,西京極総合運動公園補助競技場,西京極総合運動公園補助競技場 補助競技場更衣棟,西京極新明町29番地,34.9937522,135.712438,OK,
239,西京極総合運動公園補助競技場,西京極総合運動公園補助競技場 補助競技場倉庫,西京極新明町29番地,34.9937522,135.712438,OK,
240,西京極総合運動公園野球場,西京極総合運動公園野球場 スタンド,西京極徳大寺団子田町64番地,34.9889076,135.7159818,OK,
241,西京極総合運動公園プール,西京極総合運動公園プール,横大路下ノ坪1番地,34.9156019,135.7351747,OK,
242,横大路運動公園,横大路運動公園 管理棟,横大路下ノ坪1番地,34.9156019,135.7351747,OK,
243,横大路運動公園,横大路運動公園 便所１,横大路下ノ坪1番地,34.9156019,135.7351747,OK,
244,横大路運動公園,横大路運動公園 便所２,横大路下ノ坪1番地,34.9156019,135.7351747,OK,
245,横大路運動公園,横大路運動公園 便所３,横大路下ノ坪1番地,34.9156019,135.7351747,OK,
246,横大路運動公園,横大路運動公園 便所４,横大路下ノ坪1番地,34.9156019,135.7351747,OK,
247,横大路運動公園,横大路運動公園 クラブハウス,横大路下ノ坪1番地,34.9156019,135.7351747,OK,
248,横大路運動公園,横大路運動公園 的場,横大路下ノ坪1番地,34.9156019,135.7351747,OK,
249,横大路運動公園,横大路運動公園 倉庫,横大路下ノ坪1番地,34.9156019,135.7351747,OK,
250,横大路運動公園,横大路体育館,横大路下ノ坪1番地,34.9156019,135.7351747,OK,
251,横大路運動公園,横大路体育館 自転車置場,松ケ崎東池ノ内町ほか,35.054192,135.7766854,OK,
252,宝が池公園運動施設,宝が池公園運動施設球技場 球技場メインスタンド,松ケ崎東池ノ内町ほか,35.054192,135.7766854,OK,
253,宝が池公園運動施設,宝が池公園運動施設球技場 球技場スコアボード,松ケ崎東池ノ内町ほか,35.054192,135.7766854,OK,
254,宝が池公園運動施設,宝が池公園運動施設球技場 球技場券売所,松ケ崎東池ノ内町ほか,35.054192,135.7766854,OK,
255,宝が池公園運動施設,宝が池公園運動施設球技場 クラブハウス棟,松ケ崎東池ノ内町ほか,35.054192,135.7766854,OK,
256,宝が池公園運動施設,宝が池公園運動施設テニスコート 多目的広場東便所,松ケ崎東池ノ内町ほか,35.054192,135.7766854,OK,
257,宝が池公園運動施設,宝が池公園運動施設テニスコート テニスコート北便所,松ケ崎平田町ほか,35.0530812,135.7766854,OK,
258,京都市こども体育館,こども体育館,松ケ崎平田町ほか,35.0530812,135.7766854,OK,
259,京都市こども体育館,こども体育館 ポンプ室,西京極新明町1番地,34.9954941,135.7150132,OK,
260,京都市体育館,京都市体育館１,西京極新明町1番地,34.9954941,135.7150132,OK,
261,京都市体育館,京都市体育館２（北側ゲート建屋）,西京極新明町1番地,34.9954941,135.7150132,OK,
262,京都市体育館,京都市体育館３（別棟倉庫）,西京極新明町1番地,34.9954941,135.7150132,OK,
263,京都市体育館,京都市体育館４（渡り廊下）,田中玄京町44番地の2,35.032788,135.7768706,OK,
264,左京地域体育館,左京地域体育館,西ノ京北小路町4番地,35.0093279,135.7341058,OK,
265,中京地域体育館,中京地域体育館,椥辻西浦町1番地12,34.9769293,135.8137104,OK,
266,山科地域体育館,山科地域体育館,川端町13番地,34.9865299,135.7662746,OK,
267,,下京いきいき市民活動センター 別館,川端町13番地,34.9865299,135.7662746,OK,
268,下京青少年活動センター,,川端町13番地,34.9865299,135.7662746,OK,
269,崇仁児童館,,川端町13番地,34.9865299,135.7662746,OK,
270,下京地域体育館,,吉祥院砂ノ町47番地,34.9689962,135.7323118,OK,
271,,"吉祥院地域体育館
（吉祥院いきいき市民活動センター）",吉祥院砂ノ町47番地,34.9689962,135.7323118,OK,
272,吉祥院地域体育館,,吉祥院砂ノ町47番地,34.9689962,135.7323118,OK,
273,吉祥院いきいき市民活動センター 本館,,久世大築町36番地,34.9616026,135.7211765,OK,
274,久世地域体育館,久世地域体育館,上桂今井町131番地,34.9961007,135.6978375,OK,
275,桂川地域体育館,桂川地域体育館,醍醐辰巳町4番地の1,34.9421408,135.8135189,OK,
276,伏見東部地域体育館,伏見東部地域体育館,醍醐辰巳町4番地の1,34.9421408,135.8135189,OK,
277,伏見東部地域体育館,伏見東部地域体育館 自転車置場,深草大亀谷五郎太町23番地,34.9415481,135.7776674,OK,
278,伏見北堀公園地域体育館,伏見北堀公園地域体育館,竹田醍醐田町17番地の6,34.9503506,135.7576578,OK,
279,伏見北部地域体育館,伏見北部地域体育館,京北宮町宮野80-1,35.204152,135.7199446,OK,
280,黒田トレーニングホール,黒田トレーニングホール,聖護院円頓美町46番地の2,35.0169923,135.780837,OK,
281,武道センター,武道センター 主競技場,聖護院円頓美町46番地の2,35.0169923,135.780837,OK,
282,武道センター,武道センター 射場棟,聖護院円頓美町46番地の2,35.0169923,135.780837,OK,
283,武道センター,武道センター クラブハウス棟１,聖護院円頓美町46番地の2,35.0169923,135.780837,OK,
284,武道センター,武道センター 的場棟,聖護院円頓美町46番地の2,35.0169923,135.780837,OK,
285,武道センター,武道センター 櫓棟,聖護院円頓美町46番地の2,35.0169923,135.780837,OK,
286,武道センター,武道センター 矢取場,聖護院円頓美町46番地の2,35.0169923,135.780837,OK,
287,武道センター,武道センター 更衣室棟,聖護院円頓美町46番地の2,35.0169923,135.780837,OK,
288,武道センター,武道センター 便所,聖護院円頓美町46番地の2,35.0169923,135.780837,OK,
289,武道センター,武道センター クラブハウス棟２,西京極新明町32番地,34.9947899,135.7151237,OK,
290,市民スポーツ会館,市民スポーツ会館,桃山町大蔵地内,34.9409401,135.7787595,OK,
291,伏見桃山城運動公園,伏見桃山城運動公園 管理棟,桃山町大蔵地内,34.9409401,135.7787595,OK,
292,伏見桃山城運動公園,伏見桃山城運動公園 トイレ,一乗寺御祭田町1番地,35.0422029,135.7865836,OK,
293,一乗寺公園,一乗寺公園 本部席,一乗寺御祭田町1番地,35.0422029,135.7865836,OK,
294,一乗寺公園,一乗寺公園 一塁側ダッグアウト,一乗寺御祭田町1番地,35.0422029,135.7865836,OK,
295,一乗寺公園,一乗寺公園 三塁側ダッグアウト,岡崎最勝寺町63番地,35.0144129,135.7820191,OK,
296,岡崎公園,岡崎公園 １塁側観覧席,岡崎最勝寺町63番地,35.0144129,135.7820191,OK,
297,岡崎公園,岡崎公園 ３塁側観覧席,岡崎最勝寺町63番地,35.0144129,135.7820191,OK,
298,岡崎公園,岡崎公園 管理事務所,岡崎最勝寺町63番地,35.0144129,135.7820191,OK,
299,岡崎公園,岡崎公園 車庫,岩倉忠在寺町,35.019943,135.7673863,OK,
300,岩倉東公園,岩倉東公園 管理事務所,岩倉忠在寺町,35.019943,135.7673863,OK,
301,岩倉東公園,岩倉東公園 屋外便所,西ノ京船塚町1番地,35.0121416,135.7369972,OK,
302,朱雀公園,朱雀公園 便所,西ノ京船塚町1番地,35.0121416,135.7369972,OK,
303,朱雀公園,朱雀公園 本部席,西ノ京船塚町1番地,35.0121416,135.7369972,OK,
304,朱雀公園,朱雀公園 一塁側ダッグアウト,西ノ京船塚町1番地,35.0121416,135.7369972,OK,
305,朱雀公園,朱雀公園 三塁側ダッグアウト,勧修寺東金ケ崎,34.9668398,135.8092899,OK,
306,勧修寺公園,勧修寺公園 クラブハウス,東野八反畑町41番地の4,34.9766918,135.8107724,OK,
307,東野公園,東野公園 便所,吉祥院新田下ノ向町,34.971053,135.7230846,OK,
308,吉祥院公園,吉祥院公園 管理事務所,吉祥院新田下ノ向町,34.971053,135.7230846,OK,
309,吉祥院公園,吉祥院公園 便所１,吉祥院新田下ノ向町,34.971053,135.7230846,OK,
310,吉祥院公園,吉祥院公園 便所２,吉祥院新田下ノ向町,34.971053,135.7230846,OK,
311,吉祥院公園,吉祥院公園 材料倉庫,吉祥院新田下ノ向町,34.971053,135.7230846,OK,
312,吉祥院公園,吉祥院公園 ダッグアウト器具庫１,吉祥院新田下ノ向町,34.971053,135.7230846,OK,
313,吉祥院公園,吉祥院公園 ダッグアウト器具庫２,吉祥院新田下ノ向町,34.971053,135.7230846,OK,
314,吉祥院公園,吉祥院公園 本部席,吉祥院新田下ノ向町,34.971053,135.7230846,OK,
315,吉祥院公園,吉祥院公園 便所３,上鳥羽仏現寺町12番地,34.9701854,135.7503216,OK,
316,上鳥羽公園,上鳥羽公園 便所１,東九条下殿田町69番地,34.9781421,135.7573089,OK,
317,殿田公園,殿田公園 便所,東九条下殿田町69番地,34.9781421,135.7573089,OK,
318,殿田公園,殿田公園 ダッグアウト,東九条下殿田町69番地,34.9781421,135.7573089,OK,
319,殿田公園,殿田公園 一塁側ダッグアウト,東九条下殿田町69番地,34.9781421,135.7573089,OK,
320,殿田公園,殿田公園 三塁側ダッグアウト,東九条下殿田町69番地,34.9781421,135.7573089,OK,
321,殿田公園,殿田公園 管理事務所,東九条下殿田町69番地,34.9781421,135.7573089,OK,
322,殿田公園,殿田公園 本部席,西院日照町,35.0015904,135.7242685,OK,
323,西院公園,西院公園 更衣室，スタンド,西院日照町,35.0015904,135.7242685,OK,
324,西院公園,西院公園 管理棟,西院日照町,35.0015904,135.7242685,OK,
325,西院公園,西院公園 クラブハウス,西院日照町,35.0015904,135.7242685,OK,
326,西院公園,西院公園 便所,牛ケ瀬車ケ瀬,35.1950471,135.7042942,OK,
327,牛ヶ瀬公園,牛ヶ瀬公園 便所,大枝東新林町二丁目,34.9681142,135.6748659,OK,
328,小畑川中央公園,小畑川中央公園 管理棟,大枝東新林町二丁目,34.9681142,135.6748659,OK,
329,小畑川中央公園,小畑川中央公園 便所１,大枝東新林町二丁目,34.9681142,135.6748659,OK,
330,小畑川中央公園,小畑川中央公園 便所２,大枝東新林町二丁目,34.9681142,135.6748659,OK,
331,小畑川中央公園,小畑川中央公園 多目的便所棟,下鳥羽六反長町,34.9341709,135.7523947,OK,
332,三栖公園,三栖公園 事務室・更衣室,下鳥羽六反長町,34.9341709,135.7523947,OK,
333,三栖公園,三栖公園 倉庫,下鳥羽六反長町,34.9341709,135.7523947,OK,
334,三栖公園,三栖公園 便所,桃山泰長老町,34.9300887,135.7741052,OK,
335,伏見公園,伏見公園 便所,桃山泰長老町,34.9300887,135.7741052,OK,
336,伏見公園,伏見公園 便所,花脊八桝町250番地,35.2199422,135.7816221,OK,
337,元・森林文化交流センター,森林文化交流センター 多目的ホール棟,花脊八桝町250番地,35.2199422,135.7816221,OK,
338,元・森林文化交流センター,森林文化交流センター 管理棟,京北下宇津町向ヒ山,35.1452786,135.5676592,OK,
339,宇津峡公園,宇津峡公園 管理事務所,京北下宇津町向ヒ山,35.1452786,135.5676592,OK,
340,宇津峡公園,宇津峡公園 コテージ1,京北下宇津町向ヒ山,35.1452786,135.5676592,OK,
341,宇津峡公園,宇津峡公園 コテージ2,京北下宇津町向ヒ山,35.1452786,135.5676592,OK,
342,宇津峡公園,宇津峡公園 コテージ3,京北下宇津町向ヒ山,35.1452786,135.5676592,OK,
343,宇津峡公園,宇津峡公園 炊事棟1,京北下宇津町向ヒ山,35.1452786,135.5676592,OK,
344,宇津峡公園,宇津峡公園 炊事棟2,京北下宇津町向ヒ山,35.1452786,135.5676592,OK,
345,宇津峡公園,宇津峡公園 コテージ4,京北下宇津町向ヒ山,35.1452786,135.5676592,OK,
346,宇津峡公園,宇津峡公園 コテージ5,太秦中山町29番地,35.0266292,135.6998566,OK,
347,宇多野ユースホステル,宇多野ユースホステル 寮舎・宿舎,太秦中山町29番地,35.0266292,135.6998566,OK,
348,宇多野ユースホステル,宇多野ユースホステル 自転車置場上屋棟,日野船尾2番地,34.9346771,135.8215779,OK,
349,日野野外活動施設,日野野外活動施設 事務所,日野船尾2番地,34.9346771,135.8215779,OK,
350,日野野外活動施設,日野野外活動施設 アスレチック施設倉庫,小塩町初川口ほか,35.8077356,139.7241874,OK,
351,元野外活動施設京北山国の家,元野外活動施設京北山国の家 研修所・会議室,雲ケ畑中津川町28番地,35.1271908,135.735517,OK,
352,元蛍ヶ谷キャンプ場,元蛍ヶ谷キャンプ場 炊事場,雲ケ畑中津川町28番地,35.1271908,135.735517,OK,
353,元蛍ヶ谷キャンプ場,元蛍ヶ谷キャンプ場 物置,雲ケ畑中津川町28番地,35.1271908,135.735517,OK,
354,元蛍ヶ谷キャンプ場,元蛍ヶ谷キャンプ場 便所,花脊八桝町,35.2176449,135.7876499,OK,
355,山村都市交流の森,山村都市交流の森 浄水設備棟,静市静原町1172,35.1166016,135.7947633,OK,
356,静原キャンプ場,静原キャンプ場 事務所,静市静原町1172,35.1166016,135.7947633,OK,
357,静原キャンプ場,静原キャンプ場 便所棟,静市静原町1172,35.1166016,135.7947633,OK,
358,静原キャンプ場,静原キャンプ場 井戸上家,朱雀分木町80番地,34.9895853,135.7415486,OK,
359,中央卸売市場第一市場,中央卸売市場第一市場 北関連倉庫,朱雀分木町80番地,34.9895853,135.7415486,OK,
360,中央卸売市場第一市場,中央卸売市場第一市場 関連12号棟,朱雀分木町80番地,34.9895853,135.7415486,OK,
361,中央卸売市場第一市場,中央卸売市場第一市場 関連9号棟,朱雀分木町80番地,34.9895853,135.7415486,OK,
362,中央卸売市場第一市場,中央卸売市場第一市場 特別高圧受変電棟,朱雀分木町80番地,34.9895853,135.7415486,OK,
363,中央卸売市場第一市場,中央卸売市場第一市場 青果1号棟,朱雀分木町80番地,34.9895853,135.7415486,OK,
364,中央卸売市場第一市場,中央卸売市場第一市場 青果2号棟,朱雀分木町80番地,34.9895853,135.7415486,OK,
365,中央卸売市場第一市場,中央卸売市場第一市場 関連6号棟,朱雀分木町80番地,34.9895853,135.7415486,OK,
366,中央卸売市場第一市場,中央卸売市場第一市場 青果1・2号棟間屋根,朱雀分木町80番地,34.9895853,135.7415486,OK,
367,中央卸売市場第一市場,中央卸売市場第一市場 青果部受水槽棟,朱雀分木町80番地,34.9895853,135.7415486,OK,
368,中央卸売市場第一市場,中央卸売市場第一市場 青果1号棟東集会所,朱雀分木町80番地,34.9895853,135.7415486,OK,
369,中央卸売市場第一市場,中央卸売市場第一市場 青果1号棟東南便所,朱雀分木町80番地,34.9895853,135.7415486,OK,
370,中央卸売市場第一市場,中央卸売市場第一市場 青果2号棟北便所,朱雀分木町80番地,34.9895853,135.7415486,OK,
371,中央卸売市場第一市場,中央卸売市場第一市場 青果1号棟南警備室,朱雀分木町80番地,34.9895853,135.7415486,OK,
372,中央卸売市場第一市場,中央卸売市場第一市場 青果3号棟,朱雀分木町80番地,34.9895853,135.7415486,OK,
373,中央卸売市場第一市場,中央卸売市場第一市場 青果4号棟,朱雀分木町80番地,34.9895853,135.7415486,OK,
374,中央卸売市場第一市場,中央卸売市場第一市場 青果1号棟東旧塵芥集積所,朱雀分木町80番地,34.9895853,135.7415486,OK,
375,中央卸売市場第一市場,中央卸売市場第一市場 青果4号棟南便所,朱雀分木町80番地,34.9895853,135.7415486,OK,
376,中央卸売市場第一市場,中央卸売市場第一市場 高架下卸売市場,朱雀分木町80番地,34.9895853,135.7415486,OK,
377,中央卸売市場第一市場,中央卸売市場第一市場 中央スロープ棟,朱雀分木町80番地,34.9895853,135.7415486,OK,
378,中央卸売市場第一市場,中央卸売市場第一市場 青果1号棟東塵芥集積所,朱雀分木町80番地,34.9895853,135.7415486,OK,
379,中央卸売市場第一市場,中央卸売市場第一市場 五条立体駐車場,朱雀分木町80番地,34.9895853,135.7415486,OK,
380,中央卸売市場第一市場,中央卸売市場第一市場 新千本通青果部屋根棟,朱雀分木町80番地,34.9895853,135.7415486,OK,
381,中央卸売市場第一市場,中央卸売市場第一市場 水産加工配送センター,朱雀分木町80番地,34.9895853,135.7415486,OK,
382,中央卸売市場第一市場,中央卸売市場第一市場 第5集積所A棟,朱雀分木町80番地,34.9895853,135.7415486,OK,
383,中央卸売市場第一市場,中央卸売市場第一市場 第5集積所B棟,吉祥院石原東之口町2番地,34.9640703,135.7317791,OK,
384,中央食肉市場（中央卸売市場第二市場）,中央食肉市場（中央卸売市場第二市場） 作業員室棟,吉祥院石原東之口町2番地,34.9640703,135.7317791,OK,
385,中央食肉市場（中央卸売市場第二市場）,中央食肉市場（中央卸売市場第二市場） 受水槽,岡崎成勝寺町9番地の1,35.0126884,135.780982,OK,
386,勧業館,勧業館,京北周山町上寺田1-1,35.1553091,135.6334164,OK,
387,地域特産物需要拡大センター,地域特産物需要拡大センター 物置,京北周山町上寺田1-1,35.1553091,135.6334164,OK,
388,地域特産物需要拡大センター,地域特産物需要拡大センター 物産館,京北宮町宮野93,35.2044219,135.7204946,OK,
389,ふるさと産品共同加工施設,ふるさと産品共同加工施設,安朱桟敷町23番地,34.9913879,135.8167667,OK,
390,,ラクト山科（ラクトＡ）,安朱桟敷町23番地,34.9913879,135.8167667,OK,
391,ラクト山科（ラクトＡ） 店舗1,,安朱桟敷町23番地,34.9913879,135.8167667,OK,
392,地下鉄山科駅京都市証明書発行コーナー,,安朱桟敷町23番地,34.9913879,135.8167667,OK,
393,ラクト山科（ラクトＡ） 店舗2,,竹鼻竹ノ街道町91番地,34.9904385,135.8169527,OK,
394,,元ラクト健康・文化館,竹鼻竹ノ街道町91番地,34.9904385,135.8169527,OK,
395,ラクト山科（ラクトＢ）商業施設,,竹鼻竹ノ街道町91番地,34.9904385,135.8169527,OK,
396,山科駅前駐車場,,竹鼻竹ノ街道町91番地,34.9904385,135.8169527,OK,
397,元ラクト健康・文化館,,久多下之町411番地,35.0191879,135.7362016,OK,
398,久多市有林,久多市有林 管理舎,久多下之町411番地,35.0191879,135.7362016,OK,
399,久多市有林,久多市有林 研修棟,京北塔町中筋浦,35.1784612,135.6594936,OK,
400,京北農産物加工センター,京北農産物加工センター,京北比賀江町院谷6,35.1817553,135.6630406,OK,
401,京北のいえモデルハウス,京北のいえモデルハウス,三軒町65,35.0250522,135.7406573,OK,
402,元北野公設小売市場,元北野公設小売市場,田中飛鳥井町40番地,35.0321666,135.7797906,OK,
403,,元田中公設小売市場,田中飛鳥井町40番地,35.0321666,135.7797906,OK,
404,元田中公設小売市場,,田中飛鳥井町40番地,35.0321666,135.7797906,OK,
405,飛鳥井学園,,下鴨貴船町62番地,35.0425763,135.7679496,OK,
406,元下鴨公設小売市場,元下鴨公設小売市場,勧修寺西栗栖野町225番地,34.9692544,135.8078632,OK,
407,元勧修公設小売市場,元勧修公設小売市場 店舗棟,勧修寺西栗栖野町225番地,34.9692544,135.8078632,OK,
408,元勧修公設小売市場,元勧修公設小売市場　集会室棟,新町通七条下る東塩小路町590-10,34.9883893,135.7573925,OK,
409,元七条公設小売市場,元七条公設小売市場,花園木辻南町12-11,35.0203551,135.7237875,OK,
410,元花園公設小売市場,元花園公設小売市場,嵯峨折戸町28番地9,35.0174232,135.6860657,OK,
411,,元嵯峨公設小売市場,嵯峨折戸町28番地9,35.0174232,135.6860657,OK,
412,元嵯峨公設小売市場,,嵯峨折戸町28番地9,35.0174232,135.6860657,OK,
413,嵯峨児童館,,大枝沓掛町13-6,34.9738222,135.6633692,OK,
414,京都市立芸術大学,京都市立芸術大学 染織棟,大枝沓掛町13-6,34.9738222,135.6633692,OK,
415,京都市立芸術大学,京都市立芸術大学 彫刻棟,大枝沓掛町13-6,34.9738222,135.6633692,OK,
416,京都市立芸術大学,京都市立芸術大学 陶芸棟,大枝沓掛町13-6,34.9738222,135.6633692,OK,
417,京都市立芸術大学,京都市立芸術大学 窯場１,大枝沓掛町13-6,34.9738222,135.6633692,OK,
418,京都市立芸術大学,京都市立芸術大学 共通資材庫１,大枝沓掛町13-6,34.9738222,135.6633692,OK,
419,京都市立芸術大学,京都市立芸術大学 共通資材庫２,大枝沓掛町13-6,34.9738222,135.6633692,OK,
420,京都市立芸術大学,京都市立芸術大学 原料庫,大枝沓掛町13-6,34.9738222,135.6633692,OK,
421,京都市立芸術大学,京都市立芸術大学 危険物庫１,大枝沓掛町13-6,34.9738222,135.6633692,OK,
422,京都市立芸術大学,京都市立芸術大学 危険物庫２,大枝沓掛町13-6,34.9738222,135.6633692,OK,
423,京都市立芸術大学,京都市立芸術大学 音楽棟,大枝沓掛町13-6,34.9738222,135.6633692,OK,
424,京都市立芸術大学,京都市立芸術大学 設備棟,大枝沓掛町13-6,34.9738222,135.6633692,OK,
425,京都市立芸術大学,京都市立芸術大学 アトリエ棟,大枝沓掛町13-6,34.9738222,135.6633692,OK,
426,京都市立芸術大学,京都市立芸術大学 本部棟,"大枝沓掛町14-26,14-27,14-197",34.9749543,135.6614916,OK,
427,京都市立芸術大学,京都市立芸術大学 旧音楽高校校舎,大枝沓掛町13-6,34.9738222,135.6633692,OK,
428,京都市立芸術大学,京都市立芸術大学 文化系クラブＢＯＸ,大枝沓掛町13-6,34.9738222,135.6633692,OK,
429,京都市立芸術大学,京都市立芸術大学 体育館,大枝沓掛町13-6,34.9738222,135.6633692,OK,
430,京都市立芸術大学,京都市立芸術大学 廃水処理場,大枝沓掛町13-6,34.9738222,135.6633692,OK,
431,京都市立芸術大学,京都市立芸術大学 作業員詰所,大枝沓掛町13-6,34.9738222,135.6633692,OK,
432,京都市立芸術大学,京都市立芸術大学 講堂,大枝沓掛町13-6,34.9738222,135.6633692,OK,
433,京都市立芸術大学,京都市立芸術大学 クラブボックス１,大枝沓掛町13-6,34.9738222,135.6633692,OK,
434,京都市立芸術大学,京都市立芸術大学 クラブボックス２,大枝沓掛町13-6,34.9738222,135.6633692,OK,
435,京都市立芸術大学,京都市立芸術大学 シャワー室,大枝沓掛町13-6,34.9738222,135.6633692,OK,
436,京都市立芸術大学,京都市立芸術大学 大学会館,大枝沓掛町13-6,34.9738222,135.6633692,OK,
437,京都市立芸術大学,京都市立芸術大学 危険物庫３,大枝沓掛町13-6,34.9738222,135.6633692,OK,
438,京都市立芸術大学,京都市立芸術大学 危険物庫４,大枝沓掛町13-6,34.9738222,135.6633692,OK,
439,京都市立芸術大学,京都市立芸術大学 プロパン庫１,大枝沓掛町13-6,34.9738222,135.6633692,OK,
440,京都市立芸術大学,京都市立芸術大学 倉庫１,大枝沓掛町13-6,34.9738222,135.6633692,OK,
441,京都市立芸術大学,京都市立芸術大学 窯場２,大枝沓掛町13-6,34.9738222,135.6633692,OK,
442,京都市立芸術大学,京都市立芸術大学 車庫,大枝沓掛町13-6,34.9738222,135.6633692,OK,
443,京都市立芸術大学,京都市立芸術大学 守衛室１,大枝沓掛町13-6,34.9738222,135.6633692,OK,
444,京都市立芸術大学,京都市立芸術大学 守衛室２,大枝沓掛町13-6,34.9738222,135.6633692,OK,
445,京都市立芸術大学,京都市立芸術大学 プロパン庫２,大枝沓掛町13-6,34.9738222,135.6633692,OK,
446,京都市立芸術大学,京都市立芸術大学 倉庫２,大枝沓掛町13-6,34.9738222,135.6633692,OK,
447,京都市立芸術大学,京都市立芸術大学 倉庫３,大枝沓掛町13-6,34.9738222,135.6633692,OK,
448,京都市立芸術大学,京都市立芸術大学 倉庫４,大枝沓掛町13-6,34.9738222,135.6633692,OK,
449,京都市立芸術大学,京都市立芸術大学 倉庫５,大枝沓掛町13-6,34.9738222,135.6633692,OK,
450,京都市立芸術大学,京都市立芸術大学 新研究棟,大枝沓掛町13-6,34.9738222,135.6633692,OK,
451,京都市立芸術大学,京都市立芸術大学 映像スタジオ棟,大枝沓掛町13-6,34.9738222,135.6633692,OK,
452,京都市立芸術大学,京都市立芸術大学 立体工房,大枝沓掛町13-6,34.9738222,135.6633692,OK,
453,京都市立芸術大学,京都市立芸術大学 陶磁器研究棟,大枝沓掛町13-6,34.9738222,135.6633692,OK,
454,総合教育センター,総合教育センター Ａ棟,河原町通松原上る二丁目富永町344番地,35.0022242,135.7680516,OK,
455,総合教育センター,総合教育センター Ｂ棟,河原町通松原上る二丁目富永町344番地,35.0022242,135.7680516,OK,
456,野外教育センター奥志摩みさきの家,元野外教育センター奥志摩みさきの家 管理棟,志摩市大王町船越231番地,34.2656503,136.8602231,OK,
457,野外教育センター奥志摩みさきの家,元野外教育センター奥志摩みさきの家 炊事棟,志摩市大王町船越231番地,34.2656503,136.8602231,OK,
458,野外教育センター奥志摩みさきの家,元野外教育センター奥志摩みさきの家 便所,志摩市大王町船越231番地,34.2656503,136.8602231,OK,
459,野外教育センター奥志摩みさきの家,元野外教育センター奥志摩みさきの家 プロパン庫,志摩市大王町船越231番地,34.2656503,136.8602231,OK,
460,野外教育センター奥志摩みさきの家,元野外教育センター奥志摩みさきの家 宿泊棟１,志摩市大王町船越231番地,34.2656503,136.8602231,OK,
461,野外教育センター奥志摩みさきの家,元野外教育センター奥志摩みさきの家 宿泊棟２,志摩市大王町船越231番地,34.2656503,136.8602231,OK,
462,野外教育センター奥志摩みさきの家,元野外教育センター奥志摩みさきの家 宿泊棟３,志摩市大王町船越231番地,34.2656503,136.8602231,OK,
463,野外教育センター奥志摩みさきの家,元野外教育センター奥志摩みさきの家 プレイホール,志摩市大王町船越231番地,34.2656503,136.8602231,OK,
464,野外教育センター奥志摩みさきの家,元野外教育センター奥志摩みさきの家 食事棟,志摩市大王町船越231番地,34.2656503,136.8602231,OK,
465,野外教育センター奥志摩みさきの家,元野外教育センター奥志摩みさきの家 宿泊棟４,志摩市大王町船越231番地,34.2656503,136.8602231,OK,
466,野外教育センター奥志摩みさきの家,元野外教育センター奥志摩みさきの家 宿泊棟５,志摩市大王町船越231番地,34.2656503,136.8602231,OK,
467,野外教育センター奥志摩みさきの家,元野外教育センター奥志摩みさきの家 宿泊棟６,志摩市大王町船越231番地,34.2656503,136.8602231,OK,
468,野外教育センター奥志摩みさきの家,元野外教育センター奥志摩みさきの家 資料室,志摩市大王町船越231番地,34.2656503,136.8602231,OK,
469,野外教育センター奥志摩みさきの家,元野外教育センター奥志摩みさきの家 バンガローリーダー室,志摩市大王町船越231番地,34.2656503,136.8602231,OK,
470,野外教育センター奥志摩みさきの家,元野外教育センター奥志摩みさきの家 リーダー室（1～4）,志摩市大王町船越231番地,34.2656503,136.8602231,OK,
471,野外教育センター奥志摩みさきの家,元野外教育センター奥志摩みさきの家 宿泊棟（90畳）,志摩市大王町船越231番地,34.2656503,136.8602231,OK,
472,野外教育センター奥志摩みさきの家,元野外教育センター奥志摩みさきの家 宿泊棟（60畳）,志摩市大王町船越231番地,34.2656503,136.8602231,OK,
473,野外教育センター奥志摩みさきの家,元野外教育センター奥志摩みさきの家 洗濯棟,志摩市大王町船越231番地,34.2656503,136.8602231,OK,
474,野外教育センター奥志摩みさきの家,元野外教育センター奥志摩みさきの家 男子浴室棟,志摩市大王町船越231番地,34.2656503,136.8602231,OK,
475,野外教育センター奥志摩みさきの家,元野外教育センター奥志摩みさきの家 女子浴室棟,志摩市大王町船越231番地,34.2656503,136.8602231,OK,
476,野外教育センター奥志摩みさきの家,元野外教育センター奥志摩みさきの家 渡り廊下,志摩市大王町船越231番地,34.2656503,136.8602231,OK,
477,野外活動施設花背山の家,野外活動施設花背山の家 事務所,花脊別所町399番地,35.1722745,135.7855383,OK,
478,野外活動施設花背山の家,野外活動施設花背山の家 寮舎・宿舎１,花脊別所町399番地,35.1722745,135.7855383,OK,
479,野外活動施設花背山の家,野外活動施設花背山の家 音楽堂・ホール,花脊別所町399番地,35.1722745,135.7855383,OK,
480,野外活動施設花背山の家,野外活動施設花背山の家 寮舎・宿舎２,花脊別所町399番地,35.1722745,135.7855383,OK,
481,野外活動施設花背山の家,野外活動施設花背山の家 渡廊下,花脊別所町399番地,35.1722745,135.7855383,OK,
482,野外活動施設花背山の家,野外活動施設花背山の家 寮舎・宿舎３,花脊別所町399番地,35.1722745,135.7855383,OK,
483,野外活動施設花背山の家,野外活動施設花背山の家 アトリエ,花脊別所町399番地,35.1722745,135.7855383,OK,
484,野外活動施設花背山の家,野外活動施設花背山の家 寮舎・宿舎４,花脊別所町399番地,35.1722745,135.7855383,OK,
485,野外活動施設花背山の家,野外活動施設花背山の家 ロッジ棟4,花脊別所町399番地,35.1722745,135.7855383,OK,
486,野外活動施設花背山の家,野外活動施設花背山の家 宿泊棟4,花脊別所町399番地,35.1722745,135.7855383,OK,
487,野外活動施設花背山の家,野外活動施設花背山の家 スポーツゾーン管理棟,花脊別所町399番地,35.1722745,135.7855383,OK,
488,野外活動施設花背山の家,野外活動施設花背山の家 ロッジ棟2,花脊別所町399番地,35.1722745,135.7855383,OK,
489,野外活動施設花背山の家,野外活動施設花背山の家 ロッジ棟1,花脊別所町399番地,35.1722745,135.7855383,OK,
490,野外活動施設花背山の家,野外活動施設花背山の家 ロッジ棟3,花脊別所町399番地,35.1722745,135.7855383,OK,
491,野外活動施設花背山の家,野外活動施設花背山の家 民家,花脊別所町399番地,35.1722745,135.7855383,OK,
492,野外活動施設花背山の家,野外活動施設花背山の家 ロッジ棟5,花脊別所町399番地,35.1722745,135.7855383,OK,
493,野外活動施設花背山の家,野外活動施設花背山の家 寮舎・宿舎５,花脊別所町399番地,35.1722745,135.7855383,OK,
494,教育相談総合センター,教育相談総合センター,東洞院姉小路下る曇華院前町706,35.0091653,135.7621139,OK,
495,京都まなびの街生き方探究館,京都まなびの街生き方探究館 校舎棟,西洞院通下立売下る東裏辻町402番地,35.0194366,135.7553563,OK,
496,京都まなびの街生き方探究館,京都まなびの街生き方探究館 体育館,西洞院通下立売下る東裏辻町402番地,35.0194366,135.7553563,OK,
497,花背小中学校職員住宅,花背小中学校職員住宅第1棟,花背大布施町117，118，119,35.2055575,135.7757965,OK,
498,花背小中学校職員住宅,花背小中学校職員住宅第2棟,花脊八桝町65-1,35.2118093,135.7762718,OK,
499,花背小中学校職員住宅,花背小中学校職員住宅第3棟,広河原杓子屋町98番地,35.2503349,135.7657037,OK,
500,花背小中学校職員住宅,花背小中学校職員住宅第4棟,広河原杓子屋町194番地,35.2510342,135.7734261,OK,
501,花背小中学校職員住宅,花背小中学校職員住宅第5棟,広河原杓子屋町194番地,35.2510342,135.7734261,OK,
502,京都京北小中学校職員住宅,京都京北小中学校職員住宅第1棟,京北周山町上代29-1,35.1581395,135.6304598,OK,
503,京都京北小中学校職員住宅,京都京北小中学校職員住宅第2棟,京北細野町東ノ垣内7-1,35.1241799,135.6408853,OK,
504,京都京北小中学校職員住宅,京都京北小中学校職員住宅第3棟,京北周山町上代29-1,35.1581395,135.6304598,OK,
505,京都京北小中学校職員住宅,京都京北小中学校職員住宅第4棟,京北周山町上植代8,35.1595911,135.6305362,OK,
506,宕陰小中学校職員住宅,宕陰小中学校職員住宅第1棟,嵯峨越畑南ノ町32-2,35.0830392,135.6108597,OK,
507,宕陰小中学校職員住宅,宕陰小中学校職員住宅第3棟,嵯峨越畑南ノ町32-2,35.0830392,135.6108597,OK,
508,宕陰小中学校職員住宅,宕陰小中学校職員住宅第4棟,嵯峨越畑南ノ町32-2,35.0830392,135.6108597,OK,
509,水尾小学校職員住宅,水尾小学校職員住宅,嵯峨水尾宮ノ脇町32-2,35.0453642,135.6253962,OK,
510,宕陰小中学校職員住宅,宕陰小中学校職員住宅第2棟,嵯峨樒原若宮下町17番地,35.0723091,135.6104935,OK,
511,花背小中学校職員住宅,花背小中学校職員住宅第6棟,花背大布施町364-1,35.2056654,135.772684,OK,
512,花背小中学校職員住宅,花背小中学校職員住宅第7棟,花背大布施町117，118，119,35.2055575,135.7757965,OK,
513,学校給食物資集配施設 学校給食物資集配センター,学校給食物資集配施設　学校給食物資集配センター,西京極宮ノ東町,34.9909086,135.7233806,OK,
514,葛野倉庫,葛野倉庫,西京極葛野町2,34.9977677,135.7183493,OK,
515,四条倉庫,四条倉庫,西院日照町１,35.0026873,135.7253374,OK,
516,艇庫,艇庫,大津市御殿浜130-13,35.1566609,135.5251982,OK,
517,錦林浴場,錦林浴場,鹿ケ谷高岸町2番地の1,35.0162108,135.7932566,OK,
518,養正浴場,養正浴場,田中馬場町77番地,35.0326213,135.7753715,OK,
519,壬生浴場,壬生浴場,西ノ京新建町12番地,35.0097357,135.7327417,OK,
520,三条浴場,三条浴場,三条大橋東三丁目下る教業町696番地,35.0081371,135.7757325,OK,
521,旧崇仁第二浴場,旧崇仁第二浴場,屋形町6番地の1,34.9853189,135.7663346,OK,
522,元吉祥院浴場,元吉祥院浴場,吉祥院這登東町47番地,34.9698034,135.7311575,OK,
523,元山ノ本浴場,元山ノ本浴場,上鳥羽山ノ本町38番地,34.9624229,135.7374557,OK,
524,久世浴場,久世浴場,久世大築町66番地,34.9603568,135.7223101,OK,
525,辰巳浴場,辰巳浴場,醍醐外山街道町21番地の11,34.9404725,135.8135564,OK,
526,改進浴場,改進浴場,竹田狩賀町131番地,34.9485285,135.7563318,OK,
527,桃陽病院,桃陽病院 ガレージ,深草大亀谷岩山町48番地の1,34.9427305,135.7886131,OK,
528,桃陽病院,桃陽病院 看護婦宿舎,深草大亀谷岩山町48番地の1,34.9427305,135.7886131,OK,
529,桃陽病院,桃陽病院 本館,深草大亀谷岩山町48番地の1,34.9427305,135.7886131,OK,
530,西京区役所保健福祉センター別館,西京区役所保健福祉センター別館,桂艮町1番地の2,34.9860378,135.6995606,OK,
531,西京区役所保健福祉センター別館,西京区役所保健福祉センター別館 自転車置場その他,桂艮町1番地の2,34.9860378,135.6995606,OK,
532,西京区役所保健福祉センター別館,西京区役所保健福祉センター別館  ガレージその他,桂艮町1番地の2,34.9860378,135.6995606,OK,
533,西京区役所保健福祉センター別館,西京区役所保健福祉センター 庁舎増築,桂艮町1番地の2,34.9860378,135.6995606,OK,
534,京都市子ども保健医療相談・事故防止センター,京都市子ども保健医療相談・事故防止センター,釜座通丸太町上る梅屋町174-3,35.0180263,135.7561267,OK,
535,中央斎場,中央斎場 第二別館（動物汚物炉）,上花山旭山町19番地の3,34.9852928,135.787937,OK,
536,中央斎場,中央斎場 東南告別ホール（炉棟）,上花山旭山町19番地の3,34.9852928,135.787937,OK,
537,中央斎場,中央斎場 管理棟,上花山旭山町19番地の3,34.9852928,135.787937,OK,
538,中央斎場,中央斎場 車庫,上花山旭山町19番地の3,34.9852928,135.787937,OK,
539,中央斎場分場,中央斎場分場 火葬炉,大北山蓮ケ谷町2番地の1,35.0439115,135.7240494,OK,
540,深草墓園,深草墓園 管理事務所棟,深草石峰寺山町,34.9648901,135.7752039,OK,
541,深草墓園,深草墓園 便所棟,深草石峰寺山町,34.9648901,135.7752039,OK,
542,深草墓園,深草墓園 納骨堂,深草石峰寺山町,34.9648901,135.7752039,OK,
543,大日山墓地,大日山墓地 休憩所,粟田口大日山町,35.0085345,135.7977276,OK,
544,大日山墓地,大日山墓地 附属室,粟田口大日山町,35.0085345,135.7977276,OK,
545,大日山墓地,大日山墓地 便所,粟田口大日山町,35.0085345,135.7977276,OK,
546,地蔵山墓地,地蔵山墓地 便所,今熊野日吉町,34.9869392,135.7790559,OK,
547,地蔵山墓地,地蔵山墓地 管理人公舎,今熊野日吉町,34.9869392,135.7790559,OK,
548,住吉山墓地,住吉山墓地 休憩所,御室住吉山町,35.0366852,135.7136145,OK,
549,,元京都市健康増進センター,西九条南田町1番地の2,34.9767895,135.7472275,OK,
550,南区役所　別館,,西九条南田町1番地の2,34.9767895,135.7472275,OK,
551,健康増進センター,,西九条南田町1番地の2,34.9767895,135.7472275,OK,
552,北保健センター楽只分室,北保健センター楽只分室,紫野上御興町23番地の1,35.1566609,135.5251982,OK,
553,左京保健センター錦林分室,左京保健センター錦林分室,鹿ケ谷高岸町2-2,35.0159568,135.7926884,OK,
554,左京保健センター養正分室,左京保健センター養正分室,田中馬場町74番地,35.0324711,135.7756194,OK,
555,中京保健センター壬生分室,中京保健センター壬生分室,西ノ京北小路町17番地の2,35.0092265,135.7338334,OK,
556,南保健センター久世分室,南保健センター久世分室,久世大藪町196番地の1,34.9584468,135.7214227,OK,
557,伏見保健センター改進分室,伏見保健センター改進分室,深草加賀屋敷町14-16,34.948056,135.7576459,OK,
558,伏見保健センター辰巳分室,伏見保健センター辰巳分室 診療所,醍醐外山街道町21,34.9404364,135.8135604,OK,
559,久多診療所,久多診療所,久多下の町203,35.2639423,135.8235012,OK,
560,,崇仁診療所,上之町38番地,34.986976,135.7650938,OK,
561,消防分団倉庫,,上之町38番地,34.986976,135.7650938,OK,
562,下京保健センター崇仁分室（崇仁診療所）,,上之町38番地,34.986976,135.7650938,OK,
563,,南保健センター山ノ本分室,上鳥羽山ノ本町60番地,34.9617218,135.7373754,OK,
564,山ノ本児童館,,上鳥羽山ノ本町60番地,34.9617218,135.7373754,OK,
565,南保健センター山ノ本分室,,上鳥羽山ノ本町60番地,34.9617218,135.7373754,OK,
566,水尾診療所,水尾診療所,嵯峨水尾宮ノ脇町10,35.0463584,135.6258917,OK,
567,自動車排出ガス西ノ京測定局舎,自動車排出ガス西ノ京測定局舎,西ノ京中保町1番地の4,35.0217101,135.7312428,OK,
568,自動車排出ガス大宮測定局,自動車排出ガス大宮測定局,四条通大宮西入錦大宮町116番地先,35.0039001,135.7485957,OK,
569,衣笠老人デイサービスセンター,衣笠老人デイサービスセンター,平野上柳町28番地の24,35.0360422,135.7274756,OK,
570,,成逸老人デイサービスセンター,堀川通寺之内上る二丁目下天神町650番地の1,35.0357581,135.7498678,OK,
571,成逸老人デイサービスセンター,,堀川通寺之内上る二丁目下天神町650番地の1,35.0357581,135.7498678,OK,
572,成逸地域包括支援センター,,堀川通寺之内上る二丁目下天神町650番地の1,35.0357581,135.7498678,OK,
573,,仁和老人デイサービスセンター,御前通一条下る東竪町132番地の1,35.0247653,135.7368314,OK,
574,仁和老人デイサービスセンター,,御前通一条下る東竪町132番地の1,35.0247653,135.7368314,OK,
575,仁和地域包括支援センター,,御前通一条下る東竪町132番地の1,35.0247653,135.7368314,OK,
576,出水老人デイサービスセンター,出水老人デイサービスセンター,日暮通下立売上る西入分銅町556番,35.0205237,135.7469159,OK,
577,,高野老人デイサービスセンター,高野蓼原町47番地の5,35.0344178,135.7763468,OK,
578,高野老人デイサービスセンター,,高野蓼原町47番地の5,35.0344178,135.7763468,OK,
579,高野地域包括支援センター,,高野蓼原町47番地の5,35.0344178,135.7763468,OK,
580,,修学院老人デイサービスセンター,山端柳ケ坪町18番地,35.0495267,135.7915419,OK,
581,修学院老人デイサービスセンター,,山端柳ケ坪町18番地,35.0495267,135.7915419,OK,
582,修学院地域包括支援センター,,山端柳ケ坪町18番地,35.0495267,135.7915419,OK,
583,,京都御池創生館,御池通柳馬場東入東八幡町579番地,35.0111266,135.7649273,OK,
584,御池創生館研修スペース,,御池通柳馬場東入東八幡町579番地,35.0111266,135.7649273,OK,
585,京都御池中学校内拠点備蓄倉庫,,御池通柳馬場東入東八幡町579番地,35.0111266,135.7649273,OK,
586,おいけあした保育園,,御池通柳馬場東入東八幡町579番地,35.0111266,135.7649273,OK,
587,御池老人デイサービスセンター,,御池通柳馬場東入東八幡町579番地,35.0111266,135.7649273,OK,
588,御池地域包括支援センター,,御池通柳馬場東入東八幡町579番地,35.0111266,135.7649273,OK,
589,,西ノ京老人デイサービスセンター,西ノ京東中合町2番地,35.0133578,135.7306097,OK,
590,西ノ京老人デイサービスセンター,,西ノ京東中合町2番地,35.0133578,135.7306097,OK,
591,西ノ京地域包括支援センター,,西ノ京東中合町2番地,35.0133578,135.7306097,OK,
592,西ノ京障害者授産所,,西ノ京東中合町2番地,35.0133578,135.7306097,OK,
593,聴覚言語障害センター,,西ノ京東中合町2番地,35.0133578,135.7306097,OK,
594,,粟田老人デイサービスセンター,三条通古川町東入分木町80番地の2,35.0095172,135.7789077,OK,
595,粟田老人デイサービスセンター,,三条通古川町東入分木町80番地の2,35.0095172,135.7789077,OK,
596,粟田地域包括支援センター,,三条通古川町東入分木町80番地の2,35.0095172,135.7789077,OK,
597,,東山老人デイサービスセンター,渋谷通本町東入四丁目鐘鋳町415番地の4,34.9931143,135.7747819,OK,
598,東山老人デイサービスセンター,,渋谷通本町東入四丁目鐘鋳町415番地の4,34.9931143,135.7747819,OK,
599,東山地域包括支援センター,,渋谷通本町東入四丁目鐘鋳町415番地の4,34.9931143,135.7747819,OK,
600,,日ノ岡老人デイサービスセンター,日ノ岡朝田町53番地の11,34.9975609,135.7974311,OK,
601,日ノ岡老人デイサービスセンター,,日ノ岡朝田町53番地の11,34.9975609,135.7974311,OK,
602,日ノ岡地域包括支援センター,,日ノ岡朝田町53番地の11,34.9975609,135.7974311,OK,
603,,山科総合福祉会館,西野大手先町2-1,34.9850555,135.8147215,OK,
604,山科老人デイサービスセンター,,西野大手先町2-1,34.9850555,135.8147215,OK,
605,山科中央老人福祉センター,,西野大手先町2-1,34.9850555,135.8147215,OK,
606,百々老人デイサービスセンター,百々老人デイサービスセンター,川田土仏26番地,34.9768879,135.7971816,OK,
607,,勧修老人デイサービスセンター,栗栖野打越町17番地,34.9718798,135.8077386,OK,
608,勧修老人デイサービスセンター,,栗栖野打越町17番地,34.9718798,135.8077386,OK,
609,勧修地域包括支援センター,,栗栖野打越町17番地,34.9718798,135.8077386,OK,
610,,下京総合福祉センター,花屋町通室町西入乾町292,34.9935537,135.7572619,OK,
611,下京老人デイサービスセンター,,花屋町通室町西入乾町292,34.9935537,135.7572619,OK,
612,下京老人福祉センター,,花屋町通室町西入乾町292,34.9935537,135.7572619,OK,
613,中央保護所,,花屋町通室町西入乾町292,34.9935537,135.7572619,OK,
614,,島原老人デイサービスセンター,西新屋敷中之町103番地の2,34.9935009,135.7448878,OK,
615,島原老人デイサービスセンター,,西新屋敷中之町103番地の2,34.9935009,135.7448878,OK,
616,島原地域包括支援センター,,西新屋敷中之町103番地の2,34.9935009,135.7448878,OK,
617,,陶化老人デイサービスセンター,東九条東札辻町6番地の1,34.9752631,135.7631684,OK,
618,陶化老人デイサービスセンター,,東九条東札辻町6番地の1,34.9752631,135.7631684,OK,
619,陶化地域包括支援センター,,東九条東札辻町6番地の1,34.9752631,135.7631684,OK,
620,吉祥院児童館,,吉祥院砂ノ町50番地,34.968528,135.7327118,OK,
621,,吉祥院老人デイサービスセンター,吉祥院砂ノ町50番地,34.968528,135.7327118,OK,
622,吉祥院老人デイサービスセンター,,吉祥院砂ノ町50番地,34.968528,135.7327118,OK,
623,,西院老人デイサービスセンター,西院上今田町18番地の3,35.0081553,135.732388,OK,
624,西院老人デイサービスセンター,,西院上今田町18番地の3,35.0081553,135.732388,OK,
625,西院地域包括支援センター,,西院上今田町18番地の3,35.0081553,135.732388,OK,
626,葛野児童館,,西京極葛野町3番地,34.9980059,135.7187898,OK,
627,,葛野老人デイサービスセンター,西京極葛野町3番地,34.9980059,135.7187898,OK,
628,葛野老人デイサービスセンター,,西京極葛野町3番地,34.9980059,135.7187898,OK,
629,葛野地域包括支援センター,,西京極葛野町3番地,34.9980059,135.7187898,OK,
630,,伏見社会福祉総合センター,紙子屋町544,34.9402497,135.7605905,OK,
631,伏見老人デイサービスセンター,,紙子屋町544,34.9402497,135.7605905,OK,
632,伏見老人福祉センター,,紙子屋町544,34.9402497,135.7605905,OK,
633,ふしみ学園,,紙子屋町544,34.9402497,135.7605905,OK,
634,伏見障害者授産所,,紙子屋町544,34.9402497,135.7605905,OK,
635,伏見障害者デイサービスセンター,,紙子屋町544,34.9402497,135.7605905,OK,
636,,東高瀬川在宅福祉総合センター,北端町44-7,34.9453098,135.7547924,OK,
637,東高瀬川老人デイサービスセンター,,北端町44-7,34.9453098,135.7547924,OK,
638,東高瀬川老人短期入所施設,,北端町44-7,34.9453098,135.7547924,OK,
639,東高瀬川地域包括支援センター,,北端町44-7,34.9453098,135.7547924,OK,
640,,春日丘在宅福祉総合センター,醍醐辰巳町12-1,34.9409344,135.8141451,OK,
641,春日丘老人デイサービスセンター,,醍醐辰巳町12-1,34.9409344,135.8141451,OK,
642,春日丘老人短期入所施設,,醍醐辰巳町12-1,34.9409344,135.8141451,OK,
643,春日丘老人介護支援センター,,醍醐辰巳町12-1,34.9409344,135.8141451,OK,
644,,柊野特別養護老人ホーム,上賀茂馬ノ目町10番地の1,35.06688,135.7476117,OK,
645,柊野特別養護老人ホーム,,上賀茂馬ノ目町10番地の1,35.06688,135.7476117,OK,
646,柊野老人デイサービスセンター,,上賀茂馬ノ目町10番地の1,35.06688,135.7476117,OK,
647,柊野地域包括支援センター,,上賀茂馬ノ目町10番地の1,35.06688,135.7476117,OK,
648,,小川特別養護老人ホーム,小川通今出川下る西入東今町375番地,35.0289982,135.7536564,OK,
649,小川特別養護老人ホーム,,小川通今出川下る西入東今町375番地,35.0289982,135.7536564,OK,
650,小川老人デイサービスセンター,,小川通今出川下る西入東今町375番地,35.0289982,135.7536564,OK,
651,小川地域包括支援センター,,小川通今出川下る西入東今町375番地,35.0289982,135.7536564,OK,
652,,本能特別養護老人ホーム,蛸薬師通油小路東入元本能寺南町346番地,35.0059357,135.7540665,OK,
653,本能特別養護老人ホーム,,蛸薬師通油小路東入元本能寺南町346番地,35.0059357,135.7540665,OK,
654,本能老人デイサービスセンター,,蛸薬師通油小路東入元本能寺南町346番地,35.0059357,135.7540665,OK,
655,本能地域包括支援センター,,蛸薬師通油小路東入元本能寺南町346番地,35.0059357,135.7540665,OK,
656,本能自治会館,,蛸薬師通油小路東入元本能寺南町346番地,35.0059357,135.7540665,OK,
657,,東九条特別養護老人ホーム,東九条西岩本町1-1,34.9822299,135.7631186,OK,
658,東九条特別養護老人ホーム,,東九条西岩本町1-1,34.9822299,135.7631186,OK,
659,東九条老人デイサービスセンター,,東九条西岩本町1-1,34.9822299,135.7631186,OK,
660,東九条地域包括支援センター,,東九条西岩本町1-1,34.9822299,135.7631186,OK,
661,,桂川特別養護老人ホーム,下津林東大般若町32,34.9760947,135.7139485,OK,
662,桂川特別養護老人ホーム,,下津林東大般若町32,34.9760947,135.7139485,OK,
663,桂川老人デイサービスセンター,,下津林東大般若町32,34.9760947,135.7139485,OK,
664,桂川地域包括支援センター,,下津林東大般若町32,34.9760947,135.7139485,OK,
665,桂川療護園,,下津林東大般若町32,34.9760947,135.7139485,OK,
666,桂川障害者デイサービスセンター,,下津林東大般若町32,34.9760947,135.7139485,OK,
667,上京児童館,,今小路通御前東入西今小路町797番地,35.0282504,135.7370319,OK,
668,,上京老人福祉センター,今小路通御前東入西今小路町797番地,35.0282504,135.7370319,OK,
669,上京老人福祉センター,,今小路通御前東入西今小路町797番地,35.0282504,135.7370319,OK,
670,上京老人デイサービスセンター,,今小路通御前東入西今小路町797番地,35.0282504,135.7370319,OK,
671,久世西児童館,,久世中久世町五丁目19番地の1,34.9585285,135.7114322,OK,
672,,久世西老人福祉センター,久世中久世町五丁目19番地の1,34.9585285,135.7114322,OK,
673,久世西老人福祉センター,,久世中久世町五丁目19番地の1,34.9585285,135.7114322,OK,
674,久世西老人デイサービスセンター,,久世中久世町五丁目19番地の1,34.9585285,135.7114322,OK,
675,,右京合同福祉センター,太秦森ケ前町22番地の3,35.0100836,135.7127992,OK,
676,右京中央老人福祉センター,,太秦森ケ前町22番地の3,35.0100836,135.7127992,OK,
677,太秦老人デイサービスセンター,,太秦森ケ前町22番地の3,35.0100836,135.7127992,OK,
678,西京児童館,,上桂前田町29番地の2,34.9865682,135.6996165,OK,
679,,西京老人福祉センター,上桂前田町29番地の2,34.9865682,135.6996165,OK,
680,西京老人福祉センター,,上桂前田町29番地の2,34.9865682,135.6996165,OK,
681,西京老人デイサービスセンター,,上桂前田町29番地の2,34.9865682,135.6996165,OK,
682,中京老人福祉センター,中京老人福祉センター,壬生坊城町48番地の3 ＵＲ都市機構壬生坊城第二団地4棟1階,35.0053349,135.7451072,OK,
683,山科老人福祉センター,山科老人福祉センター,椥辻西浦町41番地の107,34.9748729,135.8140145,OK,
684,,南老人福祉センター,吉祥院西定成町32番地,34.9770308,135.735217,OK,
685,南老人福祉センター,,吉祥院西定成町32番地,34.9770308,135.735217,OK,
686,南老人福祉センター（事務所居室増築分）,,吉祥院西定成町32番地,34.9770308,135.735217,OK,
687,右京老人福祉センター,右京老人福祉センター,鳴滝宅間町14番地の2,35.0321353,135.7042475,OK,
688,久多いきいきセンター,久多いきいきセンター,久多下の町203番地,35.2639423,135.8235012,OK,
689,,よしだ学園,吉田近衛町26番地の72,35.0207431,135.7806681,OK,
690,知的障害者学習ホームひかり学園,,吉田近衛町26番地の72,35.0207431,135.7806681,OK,
691,よしだ学園,,吉田近衛町26番地の72,35.0207431,135.7806681,OK,
692,よしだ福祉工場,,吉田近衛町26番地の72,35.0207431,135.7806681,OK,
693,,壬生合同福祉会館,壬生坊城町19-4,35.0039526,135.7459567,OK,
694,みぶ身体障害者福祉会館,,壬生坊城町19-4,35.0039526,135.7459567,OK,
695,みぶ学園,,壬生坊城町19-4,35.0039526,135.7459567,OK,
696,みぶ障害者授産所,,壬生坊城町19-4,35.0039526,135.7459567,OK,
697,洛南身体障害者福祉会館,洛南身体障害者福祉会館,吉祥院西定成町35,34.9769534,135.7356692,OK,
698,洛南障害者授産所,洛南障害者授産所,吉祥院西定成町34,34.9770583,135.735487,OK,
699,,太秦知的障害者福祉センター,太秦森ケ前町21-10,35.0103329,135.7128407,OK,
700,うずまさ学園,,太秦森ケ前町21-10,35.0103329,135.7128407,OK,
701,太秦障害者デイサービスセンター,,太秦森ケ前町21-10,35.0103329,135.7128407,OK,
702,桂授産園,桂授産園,桂徳大寺北町81,34.990074,135.7051745,OK,
703,だいご学園,だいご学園 保育室・育児室,醍醐辰巳町6,34.9414822,135.8134411,OK,
704,横大路学園,横大路学園 事務所,横大路千両松町277番地,34.9197323,135.7372145,OK,
705,横大路学園,横大路学園 倉庫,横大路千両松町277番地,34.9197323,135.7372145,OK,
706,横大路学園,横大路学園 ガレージ,横大路千両松町277番地,34.9197323,135.7372145,OK,
707,横大路学園,横大路学園 作業棟,横大路千両松町277番地,34.9197323,135.7372145,OK,
708,障害者支援施設大原野の杜,障害者支援施設大原野の杜,大原野上里南ノ町38番地の2,34.9530634,135.6784552,OK,
709,,地域リハビリテーション推進センター,壬生仙念町30番地,35.0039013,135.7356921,OK,
710,御前児童館,,壬生仙念町30番地,35.0039013,135.7356921,OK,
711,地域リハビリテーション推進センター,,壬生仙念町30番地,35.0039013,135.7356921,OK,
712,こころの健康増進センター,,壬生仙念町30番地,35.0039013,135.7356921,OK,
713,朱雀工房,,壬生仙念町30番地,35.0039013,135.7356921,OK,
714,障害者スポーツセンター,障害者スポーツセンター１,高野玉岡町5番地,35.0449552,135.7832045,OK,
715,障害者スポーツセンター,障害者スポーツセンター２,高野玉岡町5番地,35.0449552,135.7832045,OK,
716,障害者教養文化・体育会館,障害者教養文化・体育会館,上鳥羽塔ノ森上河原37-4,34.9477618,135.7386122,OK,
717,築山寮,築山寮,紫野上築山町30番地1,35.0403444,135.7451766,OK,
718,児童福祉センター,児童福祉センター 管理棟,竹屋町通千本東入主税町910番地の25,35.0166015,135.7439115,OK,
719,児童福祉センター,児童福祉センター 第２別館,竹屋町通千本東入主税町910番地の25,35.0166015,135.7439115,OK,
720,児童福祉センター,児童福祉センター 本館（ＡＢ棟）,竹屋町通千本東入主税町910番地の25,35.0166015,135.7439115,OK,
721,児童福祉センター,児童福祉センター第1別館,竹屋町通千本東入主税町910番地の25,35.0166015,135.7439115,OK,
722,第二児童福祉センター,第二児童福祉センター 別館,深草加賀屋敷町24番地の13,34.9480818,135.7572858,OK,
723,第二児童福祉センター,第二児童福祉センター 本館,深草加賀屋敷町24番地の26,34.9481293,135.7569818,OK,
724,児童療育センター,児童療育センター,深草西浦町65-1,34.9597293,135.7651309,OK,
725,児童福祉センター児童療育所,児童福祉センター児童療育所,京北下中町柿木通6番地の3,35.1978362,135.6351156,OK,
726,楽只保育所,楽只保育所 乳児棟,紫野北花ノ坊町23番地,35.0419433,135.7376675,OK,
727,鶴山保育所,鶴山保育所,寺町通今出川上る五丁目鶴山町5番地の6,35.0347212,135.7661863,OK,
728,養正保育所,養正保育所 乳児棟,田中玄京町151番地,35.0319321,135.7762646,OK,
729,壬生保育所,壬生保育所,西ノ京新建町1番地,35.0097001,135.7322631,OK,
730,,聚楽保育所，じゅらく児童館,聚楽廻松下町9番地の4,35.0189621,135.737691,OK,
731,聚楽保育所,,聚楽廻松下町9番地の4,35.0189621,135.737691,OK,
732,じゅらく児童館,,聚楽廻松下町9番地の4,35.0189621,135.737691,OK,
733,三条保育所,三条保育所 乳児棟,花見小路通古門前上る巽町467,35.0078651,135.7765763,OK,
734,三条保育所,三条保育所 幼児棟,三条大橋東三丁目下る長光町621番地,35.0082528,135.7768045,OK,
735,元九条保育所（永興くじょう保育園（民営保育施設））,元九条保育所（永興くじょう保育園）,西九条春日町49番地,34.9816414,135.7542689,OK,
736,,南保育所,西九条南田町9番地,34.9781252,135.7474518,OK,
737,南保育所,,西九条南田町9番地,34.9781252,135.7474518,OK,
738,２階会議室１,,西九条南田町9番地,34.9781252,135.7474518,OK,
739,２階会議室２,,西九条南田町9番地,34.9781252,135.7474518,OK,
740,京都市ヘルパー室,,西九条南田町9番地,34.9781252,135.7474518,OK,
741,久世保育所,久世保育所 乳児棟,久世大築町50番地,34.9602915,135.7207804,OK,
742,久世保育所,久世保育所 幼児棟,久世大築町47番地の2,34.9608816,135.720998,OK,
743,ひかり保育所,ひかり保育所,京北井戸町丸山110番地,35.1980582,135.6862017,OK,
744,ひかり保育所,ひかり保育所 倉庫１,京北井戸町丸山110番地,35.1980582,135.6862017,OK,
745,ひかり保育所,ひかり保育所 倉庫２,京北井戸町丸山110番地,35.1980582,135.6862017,OK,
746,弓削保育所,弓削保育所,京北下弓削町狭間谷6番地の1,35.1865398,135.6367398,OK,
747,周山保育所,周山保育所,京北五本松町西山24番地の3,35.1738301,135.6268471,OK,
748,改進保育所,改進保育所１,竹田狩賀町153番地の1,34.9468781,135.7567763,OK,
749,改進保育所,改進保育所２,竹田狩賀町153番地の1,34.9468781,135.7567763,OK,
750,辰巳保育所,辰巳保育所１,醍醐外山街道町21番地の58,34.9404364,135.8135604,OK,
751,辰巳保育所,辰巳保育所２,醍醐外山街道町21番地の58,34.9404364,135.8135604,OK,
752,細野保育所,細野保育所,京北細野町東ノ垣内9番地の1,35.1237092,135.6414187,OK,
753,上賀茂児童館,上賀茂児童館,上賀茂烏帽子ケ垣内町24番地,35.0558253,135.7577204,OK,
754,西賀茂児童館,西賀茂児童館,大宮薬師山東町13番地の17,35.0572525,135.7397648,OK,
755,大宮西野山児童館,大宮西野山児童館,大宮西野山町41番地,35.0504761,135.7392257,OK,
756,紫竹児童館,紫竹児童館,紫竹下園生町26番地,35.052843,135.7501582,OK,
757,室町児童館,室町児童館,室町通上立売上る東入柳図子町301番地,35.033645,135.7591073,OK,
758,吉田児童館,吉田児童館,吉田中阿達町39番地の15,35.0250223,135.7758335,OK,
759,錦林児童館,錦林児童館,岡崎入江町8番地,35.0183872,135.7830223,OK,
760,白川児童館,白川児童館,浄土寺真如町155番地の2,35.0202853,135.7912627,OK,
761,北白川児童館,北白川児童館,北白川上別当町39番地の5,35.0312953,135.7929293,OK,
762,養正児童館,養正児童館,田中玄京町30番地,35.0322936,135.7776113,OK,
763,,葵児童館,下鴨北野々神町26番地,35.0520226,135.7719447,OK,
764,葵児童館,,下鴨北野々神町26番地,35.0520226,135.7719447,OK,
765,ひとり親家庭支援センター,,下鴨北野々神町26番地,35.0520226,135.7719447,OK,
766,上高野児童館,上高野児童館,上高野松田町5番地,35.0609313,135.7950597,OK,
767,修学院児童館,修学院児童館,一乗寺燈籠本町26番地,35.0451197,135.7943941,OK,
768,修学院第二児童館,修学院第二児童館,一乗寺里ノ西町34番地,35.0446555,135.7891415,OK,
769,松ケ崎児童館,松ケ崎児童館,松ケ崎小竹薮町32番地の3,35.047148,135.7821899,OK,
770,松ケ崎児童館,松ケ崎児童館 自転車置場,松ケ崎小竹薮町32番地の3,35.047148,135.7821899,OK,
771,市原野児童館,市原野児童館,静市市原町254番地の2,35.0861411,135.7599842,OK,
772,明徳児童館,明徳児童館,岩倉忠在地町215番地の2,35.0758758,135.7870571,OK,
773,明徳児童館,明徳児童館 倉庫,岩倉忠在地町215番地の2,35.0758758,135.7870571,OK,
774,岩倉南児童館,岩倉南児童館,岩倉北四ノ坪町35番地,35.0670369,135.7840421,OK,
775,壬生児童館,壬生児童館,西ノ京北小路町5番地,35.0096492,135.7341271,OK,
776,円町児童館,円町児童館,西ノ京南大炊御門町33番地,35.0193085,135.7298582,OK,
777,朱雀第三児童館,朱雀第三児童館,壬生松原町19番地の2,34.9991832,135.7418016,OK,
778,今熊野児童館,今熊野児童館,今熊野日吉町48番地の34,34.9861222,135.7803557,OK,
779,山階児童館,山階児童館,竹鼻四丁野町42番地の3,34.9863082,135.8153213,OK,
780,花山児童館,花山児童館,厨子奥苗代元町31番地,34.989375,135.8043286,OK,
781,西野児童館,西野児童館,西野櫃川町27番地の3,34.9833648,135.8032568,OK,
782,四ノ宮児童館,四ノ宮児童館,四ノ宮神田町26番地,34.9894948,135.8228575,OK,
783,音羽児童館,音羽児童館,音羽森廻リ町34番地の5,35.1566609,135.5251982,OK,
784,小野児童館,小野児童館,小野蚊ケ瀬町15番地,34.9632595,135.8113296,OK,
785,勧修児童館,勧修児童館,西野山中臣町29番地の36 折上神社内,34.9725958,135.8035326,OK,
786,百々児童館,百々児童館,西野山欠ノ上町65番地の10,34.9765167,135.8007991,OK,
787,七条第三児童館,七条第三児童館,西七条西石ケ坪町5番地,34.9925985,135.7337407,OK,
788,唐橋児童館,唐橋児童館,唐橋西寺町65番地,34.9801818,135.7375919,OK,
789,,山王児童館,東九条南山王町5番地の5,34.981153,135.7614652,OK,
790,南図書館,,東九条南山王町5番地の5,34.981153,135.7614652,OK,
791,山王児童館,,東九条南山王町5番地の5,34.981153,135.7614652,OK,
792,祥豊児童館,祥豊児童館,吉祥院三ノ宮町106番地,34.977573,135.7286921,OK,
793,洛陽児童館,洛陽児童館,吉祥院西定成町35番地,34.9769534,135.7356692,OK,
794,中唐戸児童館,中唐戸児童館,上鳥羽南唐戸町28番地,34.9719536,135.7419472,OK,
795,久世児童館,久世児童館,久世大築町50番地の1,34.9602964,135.7207591,OK,
796,嵯峨野児童館,嵯峨野児童館,嵯峨野秋街道町35番地の1,35.0124734,135.6962319,OK,
797,山ノ内児童館,山ノ内児童館,山ノ内宮脇町12番地の2,35.0103583,135.723017,OK,
798,西京極西児童館,西京極西児童館,西京極火打畑町6番地の1,34.9857913,135.7168326,OK,
799,西京極児童館,西京極児童館,西京極西池田町13番地の6,34.9920722,135.7192845,OK,
800,梅津児童館,梅津児童館,梅津中村町35番地の5,35.0003313,135.7005087,OK,
801,梅津北児童館,梅津北児童館,梅津開キ町18番地,35.006122,135.7007996,OK,
802,梅津北児童館,梅津北児童館 倉庫,梅津開キ町18番地,35.006122,135.7007996,OK,
803,嵯峨広沢児童館,嵯峨広沢児童館,嵯峨広沢御所ノ内町21番地の3,35.02173,135.6880805,OK,
804,御室児童館,御室児童館,花園天授ケ岡町3番地の15,35.0264649,135.7177538,OK,
805,桂川児童館,桂川児童館,桂上野西町273番地,34.9953164,135.6995978,OK,
806,桂徳児童館,桂徳児童館,桂徳大寺南町2番地,34.9887564,135.7056348,OK,
807,川岡東児童館,川岡東児童館,下津林東般若町44番地,34.9726838,135.7139104,OK,
808,川岡東児童館,川岡東児童館 倉庫,下津林東般若町44番地,34.9726838,135.7139104,OK,
809,樫原児童館,樫原児童館,樫原山路11番地の10,34.9715048,135.696707,OK,
810,嵐山東児童館,嵐山東児童館,嵐山東海道町47番地の1,35.0070815,135.6859846,OK,
811,大枝児童館,大枝児童館,大枝塚原町4番地の63,34.9726565,135.672884,OK,
812,上里児童館,上里児童館,大原野上里北ノ町,34.9531845,135.6816668,OK,
813,住吉児童館,住吉児童館,大和町568番地,34.9425212,135.7606493,OK,
814,住吉児童館,住吉児童館 育成室,大和町568番地,34.9425212,135.7606493,OK,
815,南浜児童館,南浜児童館,西柳町577番地,34.9298049,135.7597726,OK,
816,向島南児童館,向島南児童館,向島津田町91番地の5,34.9229647,135.7644829,OK,
817,藤城児童館,藤城児童館,桃山町正宗52番地の6,34.9423624,135.7757687,OK,
818,桃山東児童館,桃山東児童館,桃山町伊庭16番地,34.9360186,135.7870129,OK,
819,醍醐児童館,醍醐児童館,醍醐西大路町75番地の1,34.9502788,135.8172558,OK,
820,辰巳児童館,辰巳児童館,醍醐東合場町27番地の8,34.9410735,135.8129236,OK,
821,春日野児童館,春日野児童館,日野林49番地の12,34.9369656,135.8165104,OK,
822,深草児童館,深草児童館,深草池ノ内町2番地,34.9544238,135.7623905,OK,
823,藤森竹田児童館,藤森竹田児童館,竹田醍醐田町17番地の5,34.9503426,135.7576332,OK,
824,横大路児童館,横大路児童館,横大路柿ノ本町3番地の5,34.9257155,135.7367567,OK,
825,納所城之内児童館,納所城之内児童館,納所薬師堂27番地,34.908686,135.7219816,OK,
826,神川児童館,神川児童館,久我東町1番地の39,34.9393311,135.7325751,OK,
827,久我の杜児童館,久我の杜児童館,久我東町209番地,34.9335117,135.7293281,OK,
828,羽束師児童館,羽束師児童館,羽束師志水町138番地の6,34.9316521,135.7253599,OK,
829,柏野学童保育所,柏野学童保育所,紫野郷之上町36番地,34.9884301,135.7643904,OK,
830,翔鸞学童保育所,翔鸞学童保育所,御前通今出川上る鳥居前町671番地,35.0317322,135.7381868,OK,
831,一橋学童保育所,一橋学童保育所,大和大路通七条下る5丁目下池田町527番地,34.983657,135.7707612,OK,
832,桂東学童保育所,桂東学童保育所,桂市ノ前町31番地,34.9776195,135.7082976,OK,
833,松ノ木保育所（民営保育施設）,松ノ木保育所,東九条松ノ木町6番地,34.976331,135.7655598,OK,
834,太秦保育園分園さくら（民営保育施設）,太秦保育園分園さくら,太秦桂ケ原町9番地1,35.0129371,135.7066902,OK,
835,子育て支援総合センターこどもみらい館,子育て支援総合センターこどもみらい館 本館,間之町通竹屋町下る楠町601番地の1,35.0155175,135.761206,OK,
836,若松・若竹福祉センター,若松・若竹福祉センター,三条大橋東入二丁目若竹町422番地の5,35.0082024,135.7747039,OK,
837,福祉センター（旧京北町）,福祉センター（旧京北町）,京北周山町下寺田1-1,35.1549024,135.6330998,OK,
838,京都市役所,京都市役所　本庁舎,寺町通御池上る上本能寺前町488番地,35.0120084,135.7681991,OK,
839,,北区総合庁舎 本庁舎,紫野東御所田町33番地の1,35.0410052,135.7541854,OK,
840,北部農業振興センター,,紫野東御所田町33番地の1,35.0410052,135.7541854,OK,
841,北区役所,,紫野東御所田町33番地の1,35.0410052,135.7541854,OK,
842,北区役所,北区総合庁舎 車庫,紫野東御所田町33番地の1,35.0410052,135.7541854,OK,
843,北区役所,北区総合庁舎 自転車置場,紫野東御所田町33番地の1,35.0410052,135.7541854,OK,
844,上京区役所,上京区役所,今出川通室町西入堀出シ町285番地,35.0291169,135.7565965,OK,
845,上京区役所,上京区役所 ゴミ置場,今出川通室町西入堀出シ町285番地,35.0291169,135.7565965,OK,
846,,左京区役所,松ケ崎堂ノ上町7-2,35.0487576,135.7784326,OK,
847,左京区役所,,松ケ崎堂ノ上町7-2,35.0487576,135.7784326,OK,
848,北部環境共生センター,,松ケ崎堂ノ上町7-2,35.0487576,135.7784326,OK,
849,きょうと生物多様性センター（交流オフィス）,,松ケ崎堂ノ上町7-2,35.0487576,135.7784326,OK,
850,,中京区総合庁舎,西堀川通御池下る西三坊堀川町521番地,35.0102064,135.7514397,OK,
851,中京区役所,,西堀川通御池下る西三坊堀川町521番地,35.0102064,135.7514397,OK,
852,中京消防署,,西堀川通御池下る西三坊堀川町521番地,35.0102064,135.7514397,OK,
853,,東山区総合庁舎 北庁舎,清水五丁目130-6,34.9971485,135.776315,OK,
854,東山区役所,,清水五丁目130-6,34.9971485,135.776315,OK,
855,東山青少年活動センター,,清水五丁目130-6,34.9971485,135.776315,OK,
856,東山地域体育館,,清水五丁目130-6,34.9971485,135.776315,OK,
857,,東山区総合庁舎 南庁舎,清水五丁目130番地の8,34.9967113,135.7764039,OK,
858,東山区役所,,清水五丁目130番地の8,34.9967113,135.7764039,OK,
859,東山老人福祉センター,,清水五丁目130番地の8,34.9967113,135.7764039,OK,
860,東山図書館,,清水五丁目130番地の8,34.9967113,135.7764039,OK,
861,清水児童館,,清水五丁目130番地の8,34.9967113,135.7764039,OK,
862,東山消防署,,清水五丁目130番地の8,34.9967113,135.7764039,OK,
863,山科区役所,山科区役所,椥辻池尻町14番地の2,34.9722545,135.8137202,OK,
864,山科区役所,山科区役所 公用車駐車場棟,椥辻池尻町14番地の2,34.9722545,135.8137202,OK,
865,山科区役所,山科区役所 自転車置場（南側）,椥辻池尻町14番地の2,34.9722545,135.8137202,OK,
866,山科区役所,山科区役所 倉庫,椥辻池尻町14番地の2,34.9722545,135.8137202,OK,
867,山科区役所,山科区役所 自転車置場（西側）,椥辻池尻町14番地の2,34.9722545,135.8137202,OK,
868,山科区役所,山科区役所 下水処理場,椥辻池尻町14番地の2,34.9722545,135.8137202,OK,
869,山科区役所,山科区役所 元診療所,椥辻池尻町14番地の2,34.9722545,135.8137202,OK,
870,下京区役所,下京区役所,西洞院通塩小路上る東塩小路町608番地の8,34.9875957,135.7554303,OK,
871,南区役所,南区役所,西九条南田町1番地の3,34.97666,135.7464248,OK,
872,,サンサ右京,太秦下刑部町12番地,35.0103529,135.7164257,OK,
873,右京区総合庁舎,,太秦下刑部町12番地,35.0103529,135.7164257,OK,
874,右京中央図書館,,太秦下刑部町12番地,35.0103529,135.7164257,OK,
875,右京地域体育館,,太秦下刑部町12番地,35.0103529,135.7164257,OK,
876,西京区役所,西京区役所,上桂森下町25番地の1,34.9849525,135.6932829,OK,
877,西京区役所,西京区役所 駐車場,上桂森下町25番地の1,34.9849525,135.6932829,OK,
878,,伏見区総合庁舎,鷹匠町39番地の2,34.9360208,135.7614343,OK,
879,伏見区役所,,鷹匠町39番地の2,34.9360208,135.7614343,OK,
880,南部農業振興センター,,鷹匠町39番地の2,34.9360208,135.7614343,OK,
881,伏見青少年活動センター,,鷹匠町39番地の2,34.9360208,135.7614343,OK,
882,,西京区役所洛西支所 庁舎,大原野東境谷町二丁目1番地の2,34.9641907,135.6749444,OK,
883,洛西図書館,,大原野東境谷町二丁目1番地の2,34.9641907,135.6749444,OK,
884,南部農業振興センター洛西分室,,大原野東境谷町二丁目1番地の2,34.9641907,135.6749444,OK,
885,西京区役所洛西支所,,大原野東境谷町二丁目1番地の2,34.9641907,135.6749444,OK,
886,伏見区役所深草支所,伏見区役所深草支所 庁舎,深草向畑町93番地の1,34.9536967,135.7727595,OK,
887,伏見区役所深草支所,伏見区役所深草支所 屋外駐車場,深草向畑町93番地の1,34.9536967,135.7727595,OK,
888,,伏見区役所醍醐支所 庁舎,醍醐大構町28番地,34.9483444,135.8095864,OK,
889,醍醐消防分署,,醍醐大構町28番地,34.9483444,135.8095864,OK,
890,伏見区役所醍醐支所,,醍醐大構町28番地,34.9483444,135.8095864,OK,
891,北区役所小野郷出張所,北区役所小野郷出張所 本館,小野下ノ町100番地,35.1135888,135.6740713,OK,
892,北区役所小野郷出張所,北区役所小野郷出張所 倉庫,小野下ノ町100番地,35.1135888,135.6740713,OK,
893,北区役所中川出張所,北区役所中川出張所 庁舎,中川北山町46番地,35.0893062,135.6878864,OK,
894,北区役所中川出張所,北区役所中川出張所 重油貯蔵庫,中川北山町46番地,35.0893062,135.6878864,OK,
895,北区役所雲ヶ畑出張所,北区役所雲ヶ畑出張所 庁舎,雲ケ畑中畑町176番地,35.1130679,135.7219716,OK,
896,北区役所雲ヶ畑出張所,北区役所雲ヶ畑出張所 ポンプ室,雲ケ畑中畑町176番地,35.1130679,135.7219716,OK,
897,北区役所雲ヶ畑出張所,北区役所雲ヶ畑出張所 重油貯蔵庫,雲ケ畑中畑町176番地,35.1130679,135.7219716,OK,
898,左京区役所元岩倉出張所,左京区役所元岩倉出張所 庁舎,岩倉中町403番地,35.0754282,135.7881836,OK,
899,左京区役所八瀬出張所,左京区役所八瀬出張所 庁舎,八瀬秋元町578番地,35.0815471,135.8183492,OK,
900,左京区役所大原出張所,左京区役所大原出張所 庁舎,大原来迎院町10番地の2,35.1210998,135.8292155,OK,
901,左京区役所静市出張所,左京区役所静市出張所 庁舎,静市市原町36番地の3,35.0891195,135.7629648,OK,
902,左京区役所花脊出張所,左京区役所花脊出張所 庁舎,花脊大布施町196番地,35.2093004,135.7758927,OK,
903,左京区役所久多出張所,左京区役所久多出張所 庁舎,久多宮の町3番地,35.2652011,135.8191451,OK,
904,左京区役所久多出張所,左京区役所久多出張所 ガソリン庫,久多宮の町3番地,35.2652011,135.8191451,OK,
905,南区役所久世出張所,南区役所久世出張所 事務所,久世大薮町62,34.9604565,135.7183085,OK,
906,右京区役所高雄出張所,右京区役所高雄出張所 庁舎,梅ケ畑奥殿町26番地1,35.0458154,135.6817115,OK,
907,右京区役所宕陰出張所,右京区役所宕陰出張所 庁舎,嵯峨樒原宮ノ上町2－5,35.0749835,135.6109458,OK,
908,,京北合同庁舎,京北周山町上寺田1-1,35.1553091,135.6334164,OK,
909,右京区役所京北出張所,,京北周山町上寺田1-1,35.1553091,135.6334164,OK,
910,京北・左京山間部土木みどり事務所,,京北周山町上寺田1-1,35.1553091,135.6334164,OK,
911,京北・左京山間部農林業振興センター,,京北周山町上寺田1-1,35.1553091,135.6334164,OK,
912,右京区役所京北出張所,右京区役所京北出張所 倉庫,京北周山町上寺田1-1,35.1553091,135.6334164,OK,
913,右京区役所京北出張所,右京区役所京北出張所 車庫,京北周山町上寺田1-1,35.1553091,135.6334164,OK,
914,,伏見区役所淀出張所 庁舎,淀池上町131番地の1,34.9042528,135.7199955,OK,
915,淀老人福祉センター,,淀池上町131番地の1,34.9042528,135.7199955,OK,
916,淀児童館,,淀池上町131番地の1,34.9042528,135.7199955,OK,
917,伏見区役所淀出張所,,淀池上町131番地の1,34.9042528,135.7199955,OK,
918,北部みどり管理事務所,北部みどり管理事務所 器材倉庫,西院西貝川町31番地,35.0027946,135.7151424,OK,
919,北部みどり管理事務所,北部みどり管理事務所１（北棟）,西院西貝川町31番地,35.0027946,135.7151424,OK,
920,北部みどり管理事務所,北部みどり管理事務所２（北棟）,西院西貝川町31番地,35.0027946,135.7151424,OK,
921,北部みどり管理事務所,北部みどり管理事務所 車庫Ａ,西院西貝川町31番地,35.0027946,135.7151424,OK,
922,北部みどり管理事務所,北部みどり管理事務所 車庫B,西院西貝川町31番地,35.0027946,135.7151424,OK,
923,北部みどり管理事務所,北部みどり管理事務所 自転車置場,西院西貝川町31番地,35.0027946,135.7151424,OK,
924,北部みどり管理事務所,北部みどり管理事務所 油庫,西院西貝川町31番地,35.0027946,135.7151424,OK,
925,南部区画整理事務所,南部区画整理事務所 南棟,深草五反田町112番地,34.9570539,135.7629479,OK,
926,南部区画整理事務所,南部区画整理事務所 倉庫,深草五反田町112番地,34.9570539,135.7629479,OK,
927,南部区画整理事務所,南部区画整理事務所 油庫,深草五反田町112番地,34.9570539,135.7629479,OK,
928,南部区画整理事務所,南部区画整理事務所 西自動車車庫棟,深草五反田町112番地,34.9570539,135.7629479,OK,
929,南部区画整理事務所,南部区画整理事務所 西雨除け棟,深草五反田町112番地,34.9570539,135.7629479,OK,
930,南部区画整理事務所,南部区画整理事務所　南自動車車庫棟,深草五反田町112番地,34.9570539,135.7629479,OK,
931,南部区画整理事務所,南部区画整理事務所 北雨除け棟,深草五反田町112番地,34.9570539,135.7629479,OK,
932,南部区画整理事務所,南部区画整理事務所 中雨除け棟,深草五反田町112番地,34.9570539,135.7629479,OK,
933,北部土木みどり事務所,北部土木みどり事務所,大宮東脇台町8番地,35.0545076,135.7445598,OK,
934,北部土木みどり事務所,北部土木みどり事務所 倉庫・木工室,大宮東脇台町8番地,35.0545076,135.7445598,OK,
935,左京土木みどり事務所,左京土木みどり事務所,高野竹屋町4番地,35.0424383,135.7801545,OK,
936,左京土木みどり事務所,左京土木みどり事務所 車庫,高野竹屋町4番地,35.0424383,135.7801545,OK,
937,左京土木みどり事務所,左京土木みどり事務所 倉庫,高野竹屋町4番地,35.0424383,135.7801545,OK,
938,左京土木みどり事務所,左京土木みどり事務所 洗濯場・自転車置場,高野竹屋町4番地,35.0424383,135.7801545,OK,
939,左京土木みどり事務所,左京土木みどり事務所 油庫,高野竹屋町4番地,35.0424383,135.7801545,OK,
940,東部土木みどり事務所,東部土木みどり事務所,西野様子見町1番地の2,34.9854988,135.8110456,OK,
941,東部土木みどり事務所,東部土木みどり事務所 倉庫,西野様子見町1番地の2,34.9854988,135.8110456,OK,
942,東部土木みどり事務所,東部土木みどり事務所 ガレージ,西野様子見町1番地の2,34.9854988,135.8110456,OK,
943,東部土木みどり事務所,東部土木みどり事務所 油庫,西野様子見町1番地の2,34.9854988,135.8110456,OK,
944,南部土木みどり事務所,南部土木みどり事務所 物置・ガレージ,東九条下殿田町70番地の2,34.9769824,135.7568363,OK,
945,南部土木みどり事務所,南部土木みどり事務所 倉庫１,東九条下殿田町70番地の2,34.9769824,135.7568363,OK,
946,南部土木みどり事務所,南部土木みどり事務所 事務室,東九条下殿田町70番地の2,34.9769824,135.7568363,OK,
947,南部土木みどり事務所,南部土木みどり事務所 材料倉庫,東九条下殿田町70番地の2,34.9769824,135.7568363,OK,
948,南部土木みどり事務所,南部土木みどり事務所 倉庫２,東九条下殿田町70番地の2,34.9769824,135.7568363,OK,
949,南部土木みどり事務所,南部土木みどり事務所 ガレージ,東九条下殿田町70番地の2,34.9769824,135.7568363,OK,
950,西部土木みどり事務所,西部土木みどり事務所,西院西貝川町31番地,35.0027946,135.7151424,OK,
951,西部土木みどり事務所,西部土木みどり事務所 資材倉庫,西院西貝川町31番地,35.0027946,135.7151424,OK,
952,西部土木みどり事務所,西部土木みどり事務所 車庫,西院西貝川町31番地,35.0027946,135.7151424,OK,
953,西部土木みどり事務所,西部土木みどり事務所 倉庫,西院西貝川町31番地,35.0027946,135.7151424,OK,
954,京北・左京山間部土木みどり事務所北部詰所,京北・左京山間部土木みどり事務所北部詰所 事務所,広河原杓子屋町180番地の1,35.2467603,135.7662202,OK,
955,西京土木みどり事務所,西京土木みどり事務所,桂乾町9番地,34.9843836,135.6941486,OK,
956,西京土木みどり事務所,西京土木みどり事務所 倉庫２,桂乾町9番地,34.9843836,135.6941486,OK,
957,西京土木みどり事務所,西京土木事みどり務所 車庫,桂乾町9番地,34.9843836,135.6941486,OK,
958,西京土木みどり事務所,西京土木事みどり務所 駐輪場,桂乾町9番地,34.9843836,135.6941486,OK,
959,西京土木みどり事務所,西京土木事みどり務所 油庫,桂乾町9番地,34.9843836,135.6941486,OK,
960,伏見土木みどり事務所,伏見土木みどり事務所 ガレージ,表町578番地,34.9294688,135.7585092,OK,
961,伏見土木みどり事務所,伏見土木みどり事務所,表町578番地,34.9294688,135.7585092,OK,
962,伏見土木みどり事務所,伏見土木みどり事務所 倉庫,表町578番地,34.9294688,135.7585092,OK,
963,伏見土木みどり事務所,伏見土木みどり事務所 車輌点検棟,表町578番地,34.9294688,135.7585092,OK,
964,,消防局本部庁舎,押小路通河原町西入榎木町450番地の2,35.0124333,135.7683526,OK,
965,消防局本部庁舎,,押小路通河原町西入榎木町450番地の2,35.0124333,135.7683526,OK,
966,寺町消防出張所,,押小路通河原町西入榎木町450番地の2,35.0124333,135.7683526,OK,
967,上京消防署,上京消防署 庁舎,釜座通下立売下る東裏辻町398番地,35.019592,135.755352,OK,
968,左京消防署,左京消防署 庁舎,田中西大久保町36番地,35.0364845,135.7809097,OK,
969,山科消防署,山科消防署 庁舎,西野今屋敷町2番地の10,34.9859676,135.8114549,OK,
970,山科消防署,山科消防署 自転車置場,西野今屋敷町2番地の10,34.9859676,135.8114549,OK,
971,山科消防署,山科消防署 車庫,西野今屋敷町2番地の10,34.9859676,135.8114549,OK,
972,下京消防署,下京消防署 庁舎,五条通高倉西入堺町27番地,34.9958205,135.7625058,OK,
973,下京消防署,下京消防署 駐輪場,五条通高倉西入堺町27番地,34.9958205,135.7625058,OK,
974,南消防署,南消防署 庁舎,西九条菅田町4番地,34.9738455,135.7471028,OK,
975,南消防署,南消防署 自転車置場,西九条菅田町4番地,34.9738455,135.7471028,OK,
976,右京消防署,右京消防署 庁舎,太秦蜂岡町36番地,35.0138854,135.7081572,OK,
977,右京消防署,右京消防署 自転車置場,太秦蜂岡町36番地,35.0138854,135.7081572,OK,
978,西京消防署,西京消防署 自転車置場 東棟,樫原佃19番地,34.9751578,135.6944245,OK,
979,西京消防署,西京消防署 庁舎,樫原佃19番地,34.9751578,135.6944245,OK,
980,西京消防署,西京消防署 自動車車庫,樫原佃19番地,34.9751578,135.6944245,OK,
981,西京消防署,西京消防署 自転車置場 南棟,樫原佃19番地,34.9751578,135.6944245,OK,
982,西京消防署,西京消防署 倉庫,樫原佃19番地,34.9751578,135.6944245,OK,
983,伏見消防署,伏見消防署 庁舎,竹田七瀬川町9-1ほか,34.9557818,135.7596162,OK,
984,伏見消防署,伏見消防署 自転車置場,竹田七瀬川町9-1ほか,34.9557818,135.7596162,OK,
985,大徳寺消防出張所,大徳寺消防出張所 庁舎,紫野大徳寺町88番地,35.0413634,135.7473178,OK,
986,中川消防出張所,中川消防出張所 庁舎,中川北山町48番地の2,35.089006,135.6880066,OK,
987,元大宮消防出張所,元大宮消防出張所 庁舎,大宮通今出川上る観世町110番地,35.0310884,135.7489211,OK,
988,元大宮消防出張所,元大宮消防出張所 倉庫,大宮通今出川上る観世町110番地,35.0310884,135.7489211,OK,
989,北野消防出張所,北野消防出張所 庁舎,今小路通御前西入紙屋川町870番地,35.0282536,135.7343803,OK,
990,岡崎消防出張所,岡崎消防出張所 庁舎,岡崎円勝寺町23番地の1,35.01165,135.7804554,OK,
991,鹿ヶ谷消防出張所,鹿ヶ谷消防出張所 庁舎,鹿ケ谷上宮ノ前町37番地,35.0199683,135.7930497,OK,
992,鹿ヶ谷消防出張所,鹿ヶ谷消防出張所 自転車置場,鹿ケ谷上宮ノ前町37番地,35.0199683,135.7930497,OK,
993,岩倉消防出張所,岩倉消防出張所 庁舎,岩倉幡枝町862番地,35.0696505,135.772241,OK,
994,修学院消防出張所,修学院消防出張所 庁舎,修学院大林町13番地の8,35.0481569,135.7917786,OK,
995,大原消防出張所,大原消防出張所 庁舎,大原上野町564番地3,35.1131477,135.8255898,OK,
996,鞍馬消防出張所,鞍馬消防出張所 庁舎,鞍馬貴船町5番地の2,35.1057205,135.763876,OK,
997,西大路消防出張所,西大路消防出張所 庁舎,西ノ京東中合町45番地,35.0114514,135.7315944,OK,
998,西大路消防出張所,西大路消防出張所 自転車置場,西ノ京東中合町45番地,35.0114514,135.7315944,OK,
999,西大路消防出張所,西大路消防出張所 器具庫,西ノ京東中合町45番地,35.0114514,135.7315944,OK,
1000,泉涌寺消防出張所,泉涌寺消防出張所 庁舎,泉涌寺五葉ノ辻町13番地の2,34.9819596,135.7727912,OK,
1001,泉涌寺消防出張所,泉涌寺消防出張所 自転車置場,泉涌寺五葉ノ辻町13番地の2,34.9819596,135.7727912,OK,
1002,大塚消防出張所,大塚消防出張所 庁舎,大塚北溝町23番地の1,34.981704,135.8257741,OK,
1003,大塚消防出張所,大塚消防出張所 駐輪場,大塚北溝町23番地の1,34.981704,135.8257741,OK,
1004,塩小路消防出張所,塩小路消防出張所 庁舎,上之町13番地,34.9874639,135.765007,OK,
1005,塩小路消防出張所,塩小路消防出張所 駐輪場,上之町13番地,34.9874639,135.765007,OK,
1006,中堂寺消防出張所,中堂寺消防出張所 庁舎,中堂寺北町9番地の6,34.9986849,135.7417966,OK,
1007,西八条消防出張所,西八条消防出張所 庁舎,吉祥院西ノ庄淵ノ西町42番地,34.9824751,135.7285789,OK,
1008,西八条消防出張所,西八条消防出張所 自転車置場,吉祥院西ノ庄淵ノ西町42番地,34.9824751,135.7285789,OK,
1009,久世消防出張所,久世消防出張所 庁舎,久世中久世町二丁目129番地の2,34.9595108,135.7147929,OK,
1010,久世消防出張所,久世消防出張所 自転車置場,久世中久世町二丁目129番地の2,34.9595108,135.7147929,OK,
1011,嵯峨消防出張所,嵯峨消防出張所 庁舎,嵯峨天龍寺今堀町1番地,35.0174934,135.6829022,OK,
1012,嵯峨消防出張所,嵯峨消防出張所 倉庫,嵯峨天龍寺今堀町1番地,35.0174934,135.6829022,OK,
1013,梅津消防出張所,梅津消防出張所 庁舎,梅津高畝町46番地,35.0028814,135.7076966,OK,
1014,御室消防出張所,御室消防出張所 庁舎,御室大内35番地の1,35.0282271,135.7163174,OK,
1015,京北消防出張所,京北消防出張所 庁舎,京北下中町勝山田8,35.1978217,135.639078,OK,
1016,桂消防出張所,桂消防出張所 庁舎,桂市ノ前町12番地,34.9799269,135.707909,OK,
1017,桂消防出張所,桂消防出張所 自転車置場,桂市ノ前町12番地,34.9799269,135.707909,OK,
1018,松尾消防出張所,松尾消防出張所 庁舎,松尾木ノ曽町59番地の6,34.9902479,135.6931522,OK,
1019,洛西消防出張所,洛西消防出張所 庁舎,大枝東新林町二丁目4番地,34.969305,135.6750848,OK,
1020,洛西消防出張所,洛西消防出張所 倉庫,大枝東新林町二丁目4番地,34.969305,135.6750848,OK,
1021,洛西消防出張所,洛西消防出張所 車庫,大枝東新林町二丁目4番地,34.969305,135.6750848,OK,
1022,南浜消防出張所,南浜消防出張所 庁舎,南浜町273番地の2,34.9300184,135.7610209,OK,
1023,淀消防出張所,淀消防出張所 庁舎,淀池上町197番地,34.9055717,135.721718,OK,
1024,淀消防出張所,淀消防出張所 自転車置場,淀池上町197番地,34.9055717,135.721718,OK,
1025,淀消防出張所,淀消防出張所 油庫,淀池上町197番地,34.9055717,135.721718,OK,
1026,山ノ下消防出張所,山ノ下消防出張所 庁舎,桃山町山ノ下44番地の5,34.9368862,135.7930973,OK,
1027,神川消防出張所,神川消防出張所 庁舎,久我森の宮町14-27,34.9359108,135.7281371,OK,
1028,向島消防出張所,向島消防出張所 庁舎,向島四ッ谷池7番地の10,35.1566609,135.5251982,OK,
1029,向島消防出張所,向島消防出張所 倉庫・自転車置場,向島四ッ谷池7番地の10,35.1566609,135.5251982,OK,
1030,花背消防出張所,花背消防出張所 庁舎,花脊八桝町1番地の1,35.2103949,135.7745187,OK,
1031,花背消防出張所,花背消防出張所 倉庫,花脊八桝町1番地の1,35.2103949,135.7745187,OK,
1032,元本部指揮者公舎,元本部指揮者公舎,下鴨北園町86番地の6,35.0461829,135.7684284,OK,
1033,山科消防署長公舎,山科消防署長公舎,西野今屋敷町2番地の10,34.9859676,135.8114549,OK,
1034,消防活動総合センター,消防活動総合センター 管理・整備棟,上鳥羽塔ノ森下開ノ内94-4,34.9559292,135.7337407,OK,
1035,消防活動総合センター,消防活動総合センター 本館・宿泊棟,上鳥羽塔ノ森下開ノ内94-4,34.9559292,135.7337407,OK,
1036,消防活動総合センター,消防活動総合センター 総合訓練施設,上鳥羽塔ノ森下開ノ内94-4,34.9559292,135.7337407,OK,
1037,消防活動総合センター,消防活動総合センター 屋内・水上訓練施設,上鳥羽塔ノ森下開ノ内94-4,34.9559292,135.7337407,OK,
1038,消防活動総合センター,消防活動総合センター 救助訓練施設,上鳥羽塔ノ森下開ノ内94-4,34.9559292,135.7337407,OK,
1039,消防活動総合センター,消防活動総合センター 通信鉄塔,上鳥羽塔ノ森下開ノ内94-4,34.9559292,135.7337407,OK,
1040,救急教育訓練センター,救急教育訓練センター 本館,西九条菅田町4番地,34.9738455,135.7471028,OK,
1041,災害物資搬送センター,災害物資搬送センター,横大路千両松町148番地の1,34.9222427,135.7422427,OK,
1042,消防ヘリポート,消防ヘリポート 格納庫棟,横大路千両松町,34.9199871,135.7414383,OK,
1043,消防ヘリポート,消防ヘリポート 管理棟,横大路千両松町,34.9199871,135.7414383,OK,
1044,元町消防職員待機宿舎,元町消防職員待機宿舎,小山西元町34番地,35.0502183,135.7551133,OK,
1045,西ノ京消防職員待機宿舎,西ノ京消防職員待機宿舎,西ノ京中御門東町49番地,35.0167804,135.7308195,OK,
1046,西ノ京消防職員待機宿舎,西ノ京消防職員待機宿舎 自転車置場 東棟,西ノ京中御門東町49番地,35.0167804,135.7308195,OK,
1047,西ノ京消防職員待機宿舎,西ノ京消防職員待機宿舎 自転車置場 北棟,西ノ京中御門東町49番地,35.0167804,135.7308195,OK,
1048,西ノ京消防職員待機宿舎,西ノ京消防職員待機宿舎 自転車置場 南棟,西ノ京中御門東町49番地,35.0167804,135.7308195,OK,
1049,,御室消防職員待機宿舎,花園天授ケ岡町3番地,35.026639,135.7178499,OK,
1050,御室消防職員待機宿舎,,花園天授ケ岡町3番地,35.026639,135.7178499,OK,
1051,御室老人デイサービスセンター,,花園天授ケ岡町3番地,35.026639,135.7178499,OK,
1052,太秦消防職員待機宿舎,太秦消防職員待機宿舎,太秦蜂岡町36番地,35.0138854,135.7081572,OK,
1053,太秦消防職員待機宿舎,太秦消防職員待機宿舎 自転車置場,太秦蜂岡町36番地,35.0138854,135.7081572,OK,
1054,中川消防出張所,中川消防出張所 倉庫,中川北山町46番地,35.0893062,135.6878864,OK,
1055,耐震性貯水槽消火器具置場,耐震性貯水槽消火器具置場１４,京都御苑内ほか,35.0230617,135.7634452,OK,
1056,北野倉庫,北野倉庫,今小路通御前通西入紙屋川町870番地,35.0282536,135.7343803,OK,
1057,高台寺公園貯水槽（ポンプ施設）,高台寺公園貯水槽（ポンプ施設）,下河原高台寺門前下河原町526-1,35.0004115,135.7805297,OK,
1058,勧進橋水防資材庫,勧進橋水防資材庫,上鳥羽勧進橋町,34.9702034,135.7606877,OK,
1059,黒橋水防資材庫,黒橋水防資材庫,花園内畑町,35.0187654,135.7150941,OK,
1060,罧原堤水防資材庫,罧原堤水防資材庫,嵯峨五島町1番地の19,35.0117519,135.688598,OK,
1061,梅津水防資材庫,梅津水防資材庫,梅津提上町,35.1566609,135.5251982,OK,
1062,下鳥羽水防倉庫,下鳥羽水防倉庫,中島宮の前町9番地,35.3103598,135.3173414,OK,
1063,城山中継所,城山中継所,西賀茂宮ノ谷1番地の2,35.0788402,135.7159818,OK,
1064,比叡山中継所,比叡山中継所,修学院丸子青良ケ谷2番地,35.062873,135.8199653,OK,
1065,久多中継所,久多中継所,久多下ノ町410番地,35.0191516,135.7359518,OK,
1066,上京リサイクルステーション,上京リサイクルステーション,中立売通油小路東入甲斐守町100,35.0246972,135.7537335,OK,
1067,北部まち美化事務所,北部まち美化事務所,上賀茂前田町17番地の3,35.0739636,135.7436323,OK,
1068,北部まち美化事務所,北部まち美化事務所 倉庫棟,上賀茂前田町17番地の3,35.0739636,135.7436323,OK,
1069,北部まち美化事務所,北部まち美化事務所 車庫棟,上賀茂前田町17番地の3,35.0739636,135.7436323,OK,
1070,東部まち美化事務所,東部まち美化事務所,高野西開町34番地の3,35.0395249,135.7782075,OK,
1071,東部まち美化事務所,東部まち美化事務所 ガレージ棟２,高野西開町34番地の3,35.0395249,135.7782075,OK,
1072,東部まち美化事務所,東部まち美化事務所 ガレージ棟１,高野西開町34番地の3,35.0395249,135.7782075,OK,
1073,東部まち美化事務所,東部まち美化事務所 自転車置場,高野西開町34番地の3,35.0395249,135.7782075,OK,
1074,東部まち美化事務所,東部まち美化事務所 車庫棟,高野西開町34番地の3,35.0395249,135.7782075,OK,
1075,山科まち美化事務所,山科まち美化事務所,小野弓田町3番地,34.9649188,135.814854,OK,
1076,山科まち美化事務所,山科まち美化事務所 大型車庫,小野弓田町3番地,34.9649188,135.814854,OK,
1077,山科まち美化事務所,山科まち美化事務所 小型車庫１,小野弓田町3番地,34.9649188,135.814854,OK,
1078,山科まち美化事務所,山科まち美化事務所 小型車庫２,小野弓田町3番地,34.9649188,135.814854,OK,
1079,山科まち美化事務所,山科まち美化事務所 小型車庫３,小野弓田町3番地,34.9649188,135.814854,OK,
1080,山科まち美化事務所,山科まち美化事務所 自転車置場,小野弓田町3番地,34.9649188,135.814854,OK,
1081,南部まち美化事務所,南部まち美化事務所 車庫棟,西九条森本町50番地,34.9727076,135.749484,OK,
1082,南部まち美化事務所,南部まち美化事務所,西九条森本町50番地,34.9727076,135.749484,OK,
1083,西部まち美化事務所,西部まち美化事務所 事務所・車庫棟,西院西貝川町57番地1,35.0019605,135.7155564,OK,
1084,西京まち美化事務所,西京まち美化事務所 小型車庫棟１,樫原秤谷町37番地,34.972986,135.6810665,OK,
1085,西京まち美化事務所,西京まち美化事務所 事務所棟,樫原秤谷町37番地,34.972986,135.6810665,OK,
1086,西京まち美化事務所,西京まち美化事務所 小型車庫棟２,樫原秤谷町37番地,34.972986,135.6810665,OK,
1087,西京まち美化事務所,西京まち美化事務所 大型車庫棟,樫原秤谷町37番地,34.972986,135.6810665,OK,
1088,西京まち美化事務所,西京まち美化事務所 自転車置場,樫原秤谷町37番地,34.972986,135.6810665,OK,
1089,伏見まち美化事務所,伏見まち美化事務所,横大路千両松町447番地,34.9176099,135.7382012,OK,
1090,伏見まち美化事務所,伏見まち美化事務所 大型車庫,横大路千両松町447番地,34.9176099,135.7382012,OK,
1091,伏見まち美化事務所,伏見まち美化事務所 小型車庫１,横大路千両松町447番地,34.9176099,135.7382012,OK,
1092,伏見まち美化事務所,伏見まち美化事務所 小型車庫２,横大路千両松町447番地,34.9176099,135.7382012,OK,
1093,伏見まち美化事務所,伏見まち美化事務所 自転車置場,横大路千両松町447番地,34.9176099,135.7382012,OK,
1094,伏見まち美化事務所,伏見まち美化事務所 プロパン庫,横大路千両松町447番地,34.9176099,135.7382012,OK,
1095,伏見まち美化事務所,伏見まち美化事務所 大型車庫,横大路千両松町447番地,34.9176099,135.7382012,OK,
1096,,生活環境美化センター,西九条森本町62番地1,34.9720823,135.7503468,OK,
1097,生活環境美化センター,,西九条森本町62番地1,34.9720823,135.7503468,OK,
1098,南部環境共生センター,,西九条森本町62番地1,34.9720823,135.7503468,OK,
1099,生活環境美化センター,生活環境美化センター 車両整備棟,西九条森本町62番地1,34.9720823,135.7503468,OK,
1100,生活環境美化センター,生活環境美化センター 駐車場棟,西九条森本町62番地1,34.9720823,135.7503468,OK,
1101,生活環境美化センター分室,旧生活環境美化センター 事務所棟,西九条森本町37番地,34.9731498,135.7497898,OK,
1102,東北部クリーンセンター,東北部クリーンセンター 受水槽棟,静市市原町,35.0914889,135.7544678,OK,
1103,東北部クリーンセンター,東北部クリーンセンター 工場棟・管理棟ほか,静市市原町,35.0914889,135.7544678,OK,
1104,東北部クリーンセンター,東北部クリーンセンター 計量棟,静市市原町,35.0914889,135.7544678,OK,
1105,東北部クリーンセンター,東北部クリーンセンター 車庫,静市市原町,35.0914889,135.7544678,OK,
1106,東北部クリーンセンター,東北部クリーンセンター 給油所,静市市原町,35.0914889,135.7544678,OK,
1107,東北部クリーンセンター,東北部クリーンセンター 危険物倉庫,静市市原町,35.0914889,135.7544678,OK,
1108,東北部クリーンセンター,東北部クリーンセンター 自転車置場,静市市原町,35.0914889,135.7544678,OK,
1109,東北部クリーンセンター,東北部クリーンセンター 警備室棟,静市市原町,35.0914889,135.7544678,OK,
1110,東北部クリーンセンター,東北部クリーンセンター 給油管理室,静市市原町,35.0914889,135.7544678,OK,
1111,東北部クリーンセンター,東北部クリーンセンター ポンプ室,静市市原町,35.0914889,135.7544678,OK,
1112,,北部クリーンセンター 工場棟,梅ケ畑高鼻町27番地,35.0372607,135.6964641,OK,
1113,北部クリーンセンター,,梅ケ畑高鼻町27番地,35.0372607,135.6964641,OK,
1114,北部資源リサイクルセンター,,梅ケ畑高鼻町27番地,35.0372607,135.6964641,OK,
1115,北部クリーンセンター,北部クリーンセンター 車庫棟,梅ケ畑高鼻町27番地,35.0372607,135.6964641,OK,
1116,北部クリーンセンター,北部クリーンセンター 設備棟,梅ケ畑高鼻町27番地,35.0372607,135.6964641,OK,
1117,北部クリーンセンター,北部クリーンセンター 給油所,梅ケ畑高鼻町27番地,35.0372607,135.6964641,OK,
1118,北部クリーンセンター,北部クリーンセンター 危険物倉庫,梅ケ畑高鼻町27番地,35.0372607,135.6964641,OK,
1119,北部クリーンセンター,北部クリーンセンター 警備室棟,梅ケ畑高鼻町27番地,35.0372607,135.6964641,OK,
1120,北部クリーンセンター,北部クリーンセンター 駐輪場,梅ケ畑高鼻町27番地,35.0372607,135.6964641,OK,
1121,北部クリーンセンター,北部クリーンセンター プロパン庫,梅ケ畑高鼻町27番地,35.0372607,135.6964641,OK,
1122,北部クリーンセンター,北部クリーンセンター 給油管理棟,梅ケ畑高鼻町27番地,35.0372607,135.6964641,OK,
1123,北部クリーンセンター,北部クリーンセンター ポンプ庫,梅ケ畑高鼻町27番地,35.0372607,135.6964641,OK,
1124,南部クリーンセンター,廃食用油燃料化施設　製造棟,横大路千両松町447番地,34.9176099,135.7382012,OK,
1125,南部クリーンセンター,廃食用油燃料化施設　管理棟,横大路千両松町447番地,34.9176099,135.7382012,OK,
1126,南部クリーンセンター,廃食用油燃料化施設　一般取扱所,横大路千両松町447番地,34.9176099,135.7382012,OK,
1127,南部クリーンセンター,南部クリーンセンター 危険物庫棟,横大路八反田29番地,34.9163996,135.735377,OK,
1128,南部クリーンセンター,南部クリーンセンター 指定可燃物取扱所,横大路八反田29番地,34.9163996,135.735377,OK,
1129,南部クリーンセンター,南部クリーンセンター 脱硝反応棟,横大路八反田29番地,34.9163996,135.735377,OK,
1130,南部クリーンセンター,南部クリーンセンター 特別高圧受変電設備棟,横大路八反田29番地,34.9163996,135.735377,OK,
1131,南部クリーンセンター,南部クリーンセンター 工場棟（第一工場）,横大路八反田29番地,34.9163996,135.735377,OK,
1132,南部クリーンセンター,南部クリーンセンター 車庫棟（第一工場）,横大路八反田29番地,34.9163996,135.735377,OK,
1133,南部クリーンセンター,灯油貯留槽ポンプ室,横大路八反田29番地,34.9163996,135.735377,OK,
1134,東部山間埋立処分地,東部山間埋立処分地 総合管理事務所,醍醐上山田１,34.963883,135.8265736,OK,
1135,東部山間埋立処分地,東部山間埋立処分地 大型車車庫,醍醐上山田１,34.963883,135.8265736,OK,
1136,東部山間埋立処分地,東部山間埋立処分地 トラックスケール棟,醍醐上山田1,34.963883,135.8265736,OK,
1137,東部山間埋立処分地,東部山間埋立処分地 マイクロバス車庫,醍醐上山田1,34.963883,135.8265736,OK,
1138,東部山間埋立処分地,東部山間埋立処分地 振分け指導所,醍醐上山田1,34.963883,135.8265736,OK,
1139,東部山間埋立処分地,東部山間埋立処分地 危険物庫,醍醐上山田1,34.963883,135.8265736,OK,
1140,東部山間埋立処分地,東部山間埋立処分地 第１施設制御棟,東野東山,34.9664318,135.8528961,OK,
1141,東部山間埋立処分地,東部山間埋立処分地 ダムサイト管理事務所,醍醐陀羅谷,34.9593055,135.8445871,OK,
1142,東部山間埋立処分地,東部山間埋立処分地 第２施設制御棟,醍醐上山田1,34.963883,135.8265736,OK,
1143,東部山間埋立処分地,東部山間埋立処分地 浸出水処理施設,醍醐上山田1,34.963883,135.8265736,OK,
1144,東部山間埋立処分地,東部山間埋立処分地 第１施設ポンプ室棟,東野東山,34.9664318,135.8528961,OK,
1145,水垂埋立地,水垂ごみ埋立用地　管理事務室,淀水垂町73,34.9125157,135.71539,OK,
1146,水垂埋立地,水垂ごみ埋立用地　機械室,淀水垂町73,34.9125157,135.71539,OK,
1147,水垂埋立地,水垂ごみ埋立用地　排水機場,淀水垂町73,34.9125157,135.71539,OK,
1148,水垂埋立地,水垂ごみ埋立用地　4号舎,淀水垂町73,34.9125157,135.71539,OK,
1149,南部資源リサイクルセンター,南部資源リサイクルセンター 工場・管理プラザ棟,横大路千両松町,34.9199871,135.7414383,OK,
1150,南部資源リサイクルセンター,南部資源リサイクルセンター 計量棟,横大路千両松町,34.9199871,135.7414383,OK,
1151,南部資源リサイクルセンター,南部資源リサイクルセンター ボンベ庫,横大路千両松町,34.9199871,135.7414383,OK,
1152,北積替所,北積替所 倉庫,下清蔵口町132番地,35.0371061,135.7524131,OK,
1153,北積替所,北積替所 自転車置場,下清蔵口町132番地,35.0371061,135.7524131,OK,
1154,南積替所,南積替所 ストックヤード,横大路千両松町447番地,34.9176099,135.7382012,OK,
1155,南積替所,南積替所 管理棟,横大路千両松町447番地,34.9176099,135.7382012,OK,
1156,南積替所,南積替所 ストックヤード及びスケール,横大路千両松町447番地,34.9176099,135.7382012,OK,
1157,南積替所,南積替所 自転車置場,横大路千両松町447番地,34.9176099,135.7382012,OK,
1158,南積替所,南積替所 油庫,横大路千両松町447番地,34.9176099,135.7382012,OK,
1159,西部圧縮梱包施設,西部圧縮梱包施設 工場棟,大枝沓掛町,34.9757881,135.6644759,OK,
1160,西部圧縮梱包施設,西部圧縮梱包施設 管理棟,大枝沓掛町,34.9757881,135.6644759,OK,
1161,西部圧縮梱包施設,西部圧縮梱包施設 建家，ピット機械架台,大枝沓掛町,34.9757881,135.6644759,OK,
1162,西部圧縮梱包施設,西部圧縮梱包施設 スケールハウス,大枝沓掛町,34.9757881,135.6644759,OK,
1163,西部圧縮梱包施設,西部圧縮梱包施設 危険物倉庫,大枝沓掛町,34.9757881,135.6644759,OK,
1164,西部圧縮梱包施設,西部圧縮梱包施設 車庫棟,大枝沓掛町,34.9757881,135.6644759,OK,
1165,西部圧縮梱包施設,西部圧縮梱包施設 ストックヤードほか,大枝沓掛町,34.9757881,135.6644759,OK,
1166,西部圧縮梱包施設,西部圧縮梱包施設 ストックヤード,大枝沓掛町,34.9757881,135.6644759,OK,
1167,西部圧縮梱包施設,西部圧縮梱包施設 スケールハウス,大枝沓掛町,34.9757881,135.6644759,OK,
1168,東部クリーンセンター,東部クリーンセンター 工場棟,石田西ノ坪2番地の18,34.9394241,135.7998037,OK,
1169,東部クリーンセンター,東部クリーンセンター 管理棟,石田西ノ坪2番地の18,34.9394241,135.7998037,OK,
1170,東部クリーンセンター,東部クリーンセンター 計量室,石田西ノ坪2番地の18,34.9394241,135.7998037,OK,
1171,東部クリーンセンター,東部クリーンセンター 駐車場,石田西ノ坪2番地の18,34.9394241,135.7998037,OK,
1172,東部クリーンセンター,東部クリーンセンター 温室,石田西ノ坪2番地の18,34.9394241,135.7998037,OK,
1173,東部クリーンセンター,東部クリーンセンター 監視棟,石田西ノ坪2番地の18,34.9394241,135.7998037,OK,
1174,東部クリーンセンター,東部クリーンセンター 温室機械棟,石田西ノ坪2番地の18,34.9394241,135.7998037,OK,
1175,東部クリーンセンター,東部クリーンセンター 油庫,石田西ノ坪2番地の18,34.9394241,135.7998037,OK,
1176,東部クリーンセンター,東部クリーンセンター 熱源室,石田西ノ坪2番地の18,34.9394241,135.7998037,OK,
1177,東部クリーンセンター,東部クリーンセンター スケールハウス,石田西ノ坪2番地の18,34.9394241,135.7998037,OK,
1178,東部クリーンセンター,東部クリーンセンター 警備員事務所,石田西ノ坪2番地の18,34.9394241,135.7998037,OK,
1179,やまごえ温水プール,やまごえ温水プール 水泳場,梅ケ旗向ノ地町27番地1ほか,35.1929433,135.462903,OK,
1180,嵯峨証明書発行コーナー,嵯峨証明書発行コーナー 事務所,嵯峨釈迦堂大門町35,35.0212447,135.6758882,OK,
1181,嵯峨証明書発行コーナー,嵯峨証明書発行コーナー 自転車置場,嵯峨釈迦堂大門町35,35.0212447,135.6758882,OK,
1182,西院保管庫,西院保管庫,西院西貝川町31番地,35.0027946,135.7151424,OK,
1183,北部材料置場,北部材料置場 倉庫１,大宮東脇台町8番地,35.0545076,135.7445598,OK,
1184,北部材料置場,北部材料置場 倉庫２,大宮東脇台町8番地,35.0545076,135.7445598,OK,
1185,交響楽団練習場,交響楽団練習場,出雲路立テ本町86-1,35.0388863,135.7644849,OK,
1186,山鉾収蔵庫,山鉾収蔵庫,押小路通堀川西入二条城町541番地,35.0151103,135.7477878,OK,
1187,京都学生祭典創作みこし格納倉庫,京都学生祭典創作みこし格納倉庫,東堀川通木津屋橋下る御方紺屋町1番1,34.9875133,135.7523403,OK,
1188,嵯峨農機具庫,嵯峨農機具庫１,嵯峨釣殿町22番地の2,35.0261157,135.6879049,OK,
1189,嵯峨農機具庫,嵯峨農機具庫２,嵯峨釣殿町22番地の2,35.0261157,135.6879049,OK,
1190,建設局倉庫,建設局倉庫 管理室,西院西貝川町31番地,35.0027946,135.7151424,OK,
1191,緑地保全　洛西中央地区,緑地保全　洛西中央地区 器具倉庫,大原野東境谷町三丁目,34.9620059,135.6748659,OK,
1192,埋蔵文化財下鳥羽収蔵庫,埋蔵文化財下鳥羽収蔵庫,毛利町44番地の3,34.9423672,135.7526908,OK,
1193,埋蔵文化財伏見水垂収蔵庫,埋蔵文化財伏見水垂収蔵庫,淀水垂町733番地1,34.9094653,135.7127626,OK,
1194,埋蔵文化財伏見収蔵庫,埋蔵文化財伏見収蔵庫,深草泓ノ壷町14-4,34.9480746,135.7591696,OK,
1195,元北部公園管理事務所,元北部公園管理事務所,紫野北舟岡町42番地,35.0403795,135.74133,OK,
1196,元下京まち美化事務所,元下京まち美化事務所,壬生下溝町44番地の3,34.9990608,135.7365446,OK,
1197,元東山まち美化事務所,元東山まち美化事務所,今熊野日吉町10番地の3,34.9865137,135.7766879,OK,
1198,元東山まち美化事務所,元東山まち美化事務所 物干場,今熊野日吉町10番地の3,34.9865137,135.7766879,OK,
1199,元東山まち美化事務所,元東山まち美化事務所 休憩室,今熊野日吉町10番地の3,34.9865137,135.7766879,OK,
1200,改進運動広場,改進運動広場 休憩所１,竹田藁屋町4番地の1,34.9468142,135.7526908,OK,
1201,改進運動広場,改進運動広場 休憩所２,竹田藁屋町4番地の1,34.9468142,135.7526908,OK,
1202,清水坂観光駐車場,清水坂観光駐車場 事務所,清水四丁目161番地の5,34.9960092,135.7790836,OK,
1203,清水坂観光駐車場,清水坂観光駐車場 事務室便所,清水四丁目161番地の5,34.9960092,135.7790836,OK,
1204,清水坂観光駐車場,清水坂観光駐車場 休憩所,清水四丁目161番地の5,34.9960092,135.7790836,OK,
1205,清水坂観光駐車場,清水坂観光駐車場 便所,清水四丁目161番地の5,34.9960092,135.7790836,OK,
1206,清水坂観光駐車場,清水坂観光駐車場 休憩室棟,清水四丁目161番地の5,34.9960092,135.7790836,OK,
1207,嵐山観光駐車場,嵐山観光駐車場 管理事務所,嵯峨天龍寺造路町31番地の1,35.0138676,135.6797725,OK,
1208,嵐山観光駐車場,嵐山観光駐車場 公衆便所,嵯峨天龍寺造路町31番地の1,35.0138676,135.6797725,OK,
1209,銀閣寺観光駐車場,銀閣寺観光駐車場 便所,浄土寺石橋町62番地,35.026672,135.795048,OK,
1210,銀閣寺観光駐車場,銀閣寺観光駐車場 事務所,浄土寺石橋町62番地,35.026672,135.795048,OK,
1211,高雄観光駐車場,高雄観光駐車場 便所,梅ケ畑栂尾町1番地の1,35.0606335,135.6795599,OK,
1212,円山駐車場,円山駐車場,祇園町北側,35.0041809,135.7778706,OK,
1213,円町駅自転車等駐車場,円町駅自転車等駐車場,西ノ京円町42番地の1,35.0181383,135.7307434,OK,
1214,二条駅南自転車駐車場,二条駅南自転車駐車場 管理事務所,西ノ京星池町4-20ほか,35.0125158,135.7408461,OK,
1215,東寺駅自転車等駐車場,東寺駅自転車等駐車場,西九条島町66番地の1,34.9789562,135.7525168,OK,
1216,近鉄十条駅自転車等駐車場,近鉄十条駅自転車等駐車場 倉庫,西九条西柳の内町91番地の2,34.9078522,135.7811679,OK,
1217,西大路駅北自転車駐車場,西大路駅北自転車駐車場,吉祥院西ノ庄門口町29,34.9819281,135.7316685,OK,
1218,太秦自転車等駐車場,太秦自転車等駐車場,太秦上ノ段町19番地,35.0169669,135.7014837,OK,
1219,西院自転車駐車場,西院自転車駐車場,壬生淵田町2-1ほか,35.0041291,135.7330653,OK,
1220,西京極自転車駐車場,西京極自転車駐車場,西京極西大丸町80番地,34.9938549,135.7184742,OK,
1221,花園駅自転車等駐車場,花園駅自転車等駐車場 管理事務所,花園寺ノ内町5番地ほか,35.0185947,135.7176842,OK,
1222,桂駅西口自転車駐車場,桂駅西口自転車駐車場,川島有栖川町52,34.9785791,135.7021887,OK,
1223,松尾大社駅自転車等駐車場,松尾大社駅自転車等駐車場,嵐山宮ノ前町47番地の3,35.0001783,135.6878772,OK,
1224,石田駅自転車等駐車場,石田駅自転車等駐車場,石田森東町46,34.9406787,135.8037984,OK,
1225,上鳥羽口駅自転車等駐車場,上鳥羽口駅自転車等駐車場,竹田向代町110番地の1,34.9645447,135.752626,OK,
1226,駅西駐車場,駅西駐車場,上野御所ノ内町16番地10ほか,34.9922408,135.8159818,OK,
1227,西大路御池駅自転車等駐車場,西大路御池駅自転車等駐車場,西ノ京下合町38番地4,35.01016,135.7323035,OK,
1228,山科駅自転車等駐車場,山科駅自転車等駐車場,安朱棧敷町200番地の2,34.9908477,135.8183342,OK,
1229,御陵駅北自転車等駐車場,御陵駅北自転車等駐車場,御陵原西町12番地の12,34.9957661,135.8031096,OK,
1230,小野駅自転車等駐車場,小野駅自転車等駐車場,小野鐘付田町120番地の2,34.9614671,135.8123781,OK,
1231,御陵駅南自転車駐輪場,御陵駅南自転車駐輪場,御陵鴨戸町51番地の7,34.9957108,135.8021178,OK,
1232,桂川駅東自転車等駐車場,桂川駅東自転車等駐車場,久世上久世町110番地の3,34.964868,135.7107761,OK,
1233,桂川駅西自転車等駐車場,桂川駅西自転車等駐車場,久世高田町126番地,34.9633693,135.7088182,OK,
1234,嵯峨嵐山駅自転車駐車場,嵯峨嵐山駅自転車駐車場,嵯峨天龍寺広道町20番地の7,35.0189059,135.6823533,OK,
1235,太秦天神川駅自転車等駐車場,太秦天神川駅自転車等駐車場,太秦下刑部町9番地の2,35.0110759,135.7151218,OK,
1236,太秦天神川駅自転車等駐車場,太秦天神川駅自転車等駐車場 サンクン広場棟,太秦下刑部町9番地の2,35.0110759,135.7151218,OK,
1237,桂駅東口自転車駐車場,桂駅東口自転車駐車場,桂野里町41-45,34.9798092,135.7052927,OK,
1238,桂駅南自転車駐車場,桂駅南自転車駐車場,川島北裏町116-1,34.9773315,135.7033647,OK,
1239,三条千本自転車保管所,三条千本自転車保管所 管理棟,壬生天池町5－2ほか,35.0081754,135.7418206,OK,
1240,石田自転車保管所,石田自転車保管所 事務所棟,石田森東町46,34.9406787,135.8037984,OK,
1241,鴨東駐車場,鴨東駐車場,川端通四条上る川端町181番地,35.0042412,135.7724952,OK,
1242,御射山自転車等駐車場,御射山自転車等駐車場,東洞院通六角下る御射山町ほか,35.0065932,135.7612801,OK,
1243,出町駐車場,出町駐車場,河原町通今出川上る青龍町,35.0306585,135.7701671,OK,
1244,御池駐車場,御池駐車場,御池通高倉西入高宮町,35.0109599,135.7620206,OK,
1245,国際会館駅自転車駐車場,国際会館駅自転車駐車場,岩倉大鷺町,35.0636842,135.7846862,OK,
1246,松ケ崎駅自転車駐車場,松ケ崎駅自転車駐車場,松ケ崎井手ケ海道町,35.0466227,135.7764397,OK,
1247,椥辻駅自転車駐車場,椥辻駅自転車駐車場,椥辻池尻町14番地の4,34.9719509,135.8143778,OK,
1248,東野駅自転車駐車場,東野駅自転車駐車場,東野片下リ町27-4,34.9818961,135.8141827,OK,
1249,醍醐駅自転車駐車場,醍醐駅自転車駐車場,醍醐高畑町1番地の36,34.9517321,135.8107583,OK,
1250,共同便所,共同便所01 崇仁地区,小稲荷町87番地,34.9889339,135.7626486,OK,
1251,共同便所,共同便所02 崇仁地区,川端町4番地13,34.9886514,135.7659867,OK,
1252,共同便所,共同便所03 崇仁地区,上ノ町1番地10,34.9947442,135.6896168,OK,
1253,共同便所,共同便所07 崇仁地区,郷ノ町北部5番地,34.9884301,135.7643904,OK,
1254,共同便所,共同便所09 崇仁地区,屋形町20番地1,34.9827727,135.7674879,OK,
1255,共同便所,共同便所10 崇仁地区,小稲荷町39番地,34.9879593,135.7630574,OK,
1256,金閣寺観光便所,金閣寺観光便所,衣笠金閣寺町,35.0392985,135.7290044,OK,
1257,退蔵院観光便所,退蔵院観光便所,花園妙心寺町35番地,35.0219406,135.7192822,OK,
1258,北大路橋西詰公衆便所,北大路橋西詰公衆トイレ,北大路橋西詰北側,35.043729,135.7620073,OK,
1259,大徳寺東門前公衆便所,大徳寺東門前公衆トイレ,大徳寺通北大路上る西側,35.040648,135.7475454,OK,
1260,烏丸北大路南公衆便所,烏丸北大路南公衆トイレ,大谷大学グランド北,35.0424623,135.7589846,OK,
1261,一乗寺下り松公衆便所,一乗寺下り松公衆トイレ,一乗寺花ノ木町,35.0431821,135.7926884,OK,
1262,大原野公衆便所,大原野公衆トイレ,大原野南春日町　大原野神社駐車場内,34.9602674,135.6562615,OK,
1263,出町橋西詰公衆便所,出町橋西詰公衆トイレ,出町橋西詰北側,35.0304905,135.7705383,OK,
1264,荒神橋西詰公衆便所,荒神橋西詰公衆トイレ,荒神橋西詰南側,35.0213358,135.770602,OK,
1265,今出川御前西公衆便所,今出川御前西公衆トイレ,北野天満宮前西側,35.0280886,135.7359728,OK,
1266,寺町丸太町北公衆便所,寺町丸太町北公衆トイレ,寺町丸太町西北角,35.0174544,135.7525427,OK,
1267,上立売浄福寺東公衆便所,上立売浄福寺東公衆トイレ,本隆寺北,35.0316598,135.7462254,OK,
1268,二条公園公衆便所,二条公園公衆トイレ,二条児童公園内,35.011103,135.741777,OK,
1269,堀川中立売南公衆便所,堀川中立売南公衆トイレ,堀川通中立売下る東側,35.0249826,135.751824,OK,
1270,西陣(今出川千本）公衆便所,西陣(今出川千本）公衆トイレ,今出川千本東入北側,35.0296612,135.7424679,OK,
1271,東一条川端東公衆便所,東一条川端東公衆トイレ,東一条川端南東角,35.0252317,135.7778979,OK,
1272,岡崎グランド西北角公衆便所,岡崎グランド西北角公衆トイレ,岡崎最勝寺町,35.0144129,135.7820191,OK,
1273,吉田神社境内公衆便所,吉田神社境内公衆トイレ,吉田本町,35.0270496,135.7823155,OK,
1274,川端丸太町南公衆便所,川端丸太町南公衆トイレ,川端丸太町西南角,35.1566609,135.5251982,OK,
1275,寂光院公衆便所,寂光院公衆トイレ,大原寂光院駐車場内,35.1241,135.821045,OK,
1276,岡崎グランド西南角公衆便所,岡崎グランド西南角公衆トイレ,岡崎最勝寺町,35.0144129,135.7820191,OK,
1277,銀閣寺橋西詰公衆便所,銀閣寺橋西詰公衆トイレ,銀閣寺橋西詰北側,35.0273412,135.7946424,OK,
1278,ＪＲ嵯峨嵐山駅前公衆便所,ＪＲ嵯峨嵐山駅前公衆トイレ,JR嵯峨嵐山駅南側,35.018781,135.6811811,OK,
1279,出町柳駅前公衆便所,出町柳駅前公衆トイレ,出町柳駅前公園内,35.030702,135.7731015,OK,
1280,江文神社公衆便所,江文神社公衆トイレ,大原野村町,35.1152638,135.81611,OK,
1281,烏丸御池公衆便所,烏丸御池公衆トイレ,烏丸御池南西角,35.0036744,135.7605895,OK,
1282,六角新京極東公衆便所,六角新京極東公衆トイレ,六角新京極東入,35.0071945,135.7672672,OK,
1283,錦小路東洞院東公衆便所,錦小路東洞院東公衆トイレ,錦小路東洞院東入南側,35.004994,135.7611054,OK,
1284,姉小路寺町東公衆便所,姉小路寺町東公衆トイレ,姉小路寺町東入,35.0095999,135.767189,OK,
1285,第二京極公衆便所,第二京極公衆トイレ,新京極公園内,35.0049711,135.7676908,OK,
1286,蛸薬師新京極公衆便所,蛸薬師新京極公衆トイレ,蛸薬師新京極東入,35.0061821,135.7672056,OK,
1287,二条城外壕公衆便所,二条城外壕公衆トイレ,押小路神泉苑通,35.0119895,135.747362,OK,
1288,千本釈迦堂公衆便所,千本釈迦堂公衆トイレ,千本釈迦堂南側,35.031679,135.7398633,OK,
1289,円山公園弁天堂前公衆便所,円山公園弁天堂前公衆トイレ,円山公園内,35.0035587,135.7805269,OK,
1290,円山公園銅像前公衆便所,円山公園銅像前公衆トイレ,円山公園内,35.0035587,135.7805269,OK,
1291,大和大路七条北東角公衆便所,大和大路七条北東角公衆トイレ,京都国立博物館南西,34.9899887,135.773116,OK,
1292,大和大路団栗南公衆便所,大和大路団栗南公衆トイレ,建仁寺西門前,35.1566609,135.5251982,OK,
1293,円山公園一休庵前公衆便所,円山公園一休庵前公衆トイレ,円山公園内,35.0035587,135.7805269,OK,
1294,清水寺境内公衆便所,清水寺境内公衆トイレ,清水寺境内南西部,34.9952056,135.784079,OK,
1295,四条大橋東詰公衆便所,四条大橋東詰公衆トイレ,川端四条上ル東側,35.0056213,135.7673527,OK,
1296,三十三間堂バスプール公衆便所,三十三間堂バスプール公衆トイレ,三十三間堂東側,34.9878845,135.7717126,OK,
1297,清水坂観光駐車場東公衆便所,清水坂観光駐車場東公衆トイレ,五条通清水坂西,34.9970715,135.7799448,OK,
1298,円山公園藤ノ棚東公衆便所,円山公園藤ノ棚東公衆トイレ,円山公園内,35.0035587,135.7805269,OK,
1299,祗園白川公衆便所,祗園白川公衆トイレ,白川東大路西入,35.0275466,135.7913115,OK,
1300,木屋町公衆便所,木屋町公衆トイレ,蛸薬師木屋町,35.0062217,135.7673071,OK,
1301,烏丸七条西北角公衆便所,烏丸七条西北角公衆トイレ,東本願寺南東角,35.1566609,135.5251982,OK,
1302,京福四条大宮駅南公衆便所,京福四条大宮駅南公衆トイレ,四条大宮駅南広場内,35.0033444,135.7486099,OK,
1303,七条堀川西公衆便所,七条堀川西公衆トイレ,七条堀川西入北側,34.9892245,135.7530055,OK,
1304,七本松七条北公衆便所,七本松七条北公衆トイレ,七本松七条北東角,34.9891437,135.7394786,OK,
1305,花屋町新町東公衆便所,花屋町新町東公衆トイレ,花屋町新町東入南側,34.9933209,135.7566985,OK,
1306,常照皇寺公衆便所,常照皇寺公衆トイレ,京北井戸町　常照皇寺駐車場内,35.2009126,135.685301,OK,
1307,清凉寺境内公衆便所,清凉寺境内公衆トイレ,清凉寺西門南側,35.1566609,135.5251982,OK,
1308,嵯峨清滝公衆便所,嵯峨清滝公衆トイレ,金鈴橋東詰南,,,ZERO_RESULTS,
1309,嵯峨落柿舎北公衆便所,嵯峨落柿舎北公衆トイレ,小倉山二尊院総門南100m,35.0216591,135.6696366,OK,
1310,高雄神護寺下公衆便所,高雄神護寺下公衆トイレ,高雄橋南詰西150m,35.0552859,135.6729652,OK,
1311,龍安寺境内公衆便所,龍安寺境内公衆トイレ,龍安寺御陵ノ下町,35.0337178,135.7186453,OK,
1312,嵐山中ノ島公園東公衆便所,嵐山中ノ島公園東公衆トイレ,嵐山公園中ノ島内,35.0151776,135.6713285,OK,
1313,天龍寺南門前公衆便所,天龍寺南門前公衆トイレ,渡月橋北詰西350m,35.0138106,135.6778569,OK,
1314,嵐山渡月小橋西公衆便所,嵐山渡月小橋西公衆トイレ,渡月小橋南詰西100m,35.011469,135.677417,OK,
1315,上黒田公衆便所,上黒田公衆トイレ,京北上黒田町　上黒田バス停前,35.2091235,135.7497294,OK,
1316,乃木神社前公衆便所,乃木神社前公衆トイレ,桃山御陵参道野坂通下ル,34.9369315,135.7811583,OK,
1317,中書島蓬莱橋南詰公衆便所,中書島蓬莱橋南詰公衆トイレ,東柳町　南浜児童館子楽園内,34.929813,135.7597705,OK,
1318,醍醐三宝院公衆便所,醍醐三宝院公衆トイレ,醍醐三宝院駐車場内,34.9523039,135.8193005,OK,
1319,嵐山中ノ島公園西公衆便所,嵐山中ノ島公園西公衆トイレ,嵐山公園中ノ島内,35.0151776,135.6713285,OK,
1320,祗園石段下公衆便所,祗園石段下公衆トイレ,祗園石段下北,,,ZERO_RESULTS,
1321,高台寺公園公衆便所,高台寺公園公衆トイレ,霊山観音駐車場西,34.999902,135.7819068,OK,
1322,御室仁和寺東公衆便所,御室仁和寺東公衆トイレ,御室仁和寺駐車場入口西側,35.0287789,135.7159824,OK,
1323,亀山公園下公衆便所,亀山公園下公衆トイレ,渡月橋北詰西500m　亀山公園入口,35.0138106,135.6778569,OK,
1324,京阪三条駅前広場公衆便所,京阪三条駅前広場公衆トイレ,京阪三条駅前広場南東部,35.0081202,135.7735346,OK,
1325,五条大橋西詰公衆便所,五条大橋西詰公衆トイレ,五条児童公園内,34.9964217,135.7677004,OK,
1326,大原の里公衆便所,大原の里公衆トイレ,京都バス大原バスターミナル内,35.1196794,135.8287944,OK,
1327,中地公衆便所,中地公衆トイレ,京北中地町　中地ロードパーク内,35.1399251,135.5884108,OK,
1328,遺贈物件（左京区銀閣寺）,遺贈物件（左京区銀閣寺） 住宅（貸家）,銀閣寺11番,35.0281197,135.7987674,OK,
1329,遺贈物件（左京区銀閣寺）,遺贈物件（左京区銀閣寺） 住宅（空き家）,銀閣寺11番,35.0281197,135.7987674,OK,
1330,元修学院荘,元修学院荘 西棟,修学院辻ノ田町13番地の1,35.0509469,135.8022669,OK,
1331,元修学院荘,元修学院荘 東棟,修学院辻ノ田町13番地の1,35.0509469,135.8022669,OK,
1332,元修学院荘,元修学院荘 茶室,修学院辻ノ田町13番地の1,35.0509469,135.8022669,OK,
1333,三条共同作業場,三条共同作業場,教業町,35.0085823,135.7756483,OK,
1334,祇園新橋伝統的建造物,祇園新橋伝統的建造物,大和大路通四条上る二筋目東入末吉町77番6,35.0052453,135.7731985,OK,
1335,旧大原消防出張所,旧大原消防出張所 庁舎,大原大長瀬町179番地の2,35.1167534,135.8283627,OK,
1336,旧下京図書館,旧下京図書館,大宮通花屋町上る堀之上町540番地,34.9930733,135.7493777,OK,
1337,旧下京図書館,旧下京図書館 湯沸場,大宮通花屋町上る堀之上町540番地,34.9930733,135.7493777,OK,
1338,旧下京図書館,旧下京図書館 附属便所,大宮通花屋町上る堀之上町540番地,34.9930733,135.7493777,OK,
1339,旧久世コミュニティセンター倉庫,旧久世コミュニティセンター倉庫,久世大築町54番地の1,34.9605316,135.7215678,OK,
1340,清井町市営住宅共同作業場,清井町市営住宅共同作業場,上鳥羽山ノ本町,34.9625428,135.7384775,OK,
1341,,きょうと京北ふるさと公社 管理棟,京北上弓削町段上ノ下,35.2177018,135.6433875,OK,
1342,きょうと京北ふるさと公社,,京北上弓削町段上ノ下,35.2177018,135.6433875,OK,
1343,京北弓削農産物加工センター,,京北上弓削町段上ノ下,35.2177018,135.6433875,OK,
1344,きょうと京北ふるさと公社,きょうと京北ふるさと公社 倉庫1,京北上弓削町段上ノ下,35.2177018,135.6433875,OK,
1345,きょうと京北ふるさと公社,きょうと京北ふるさと公社 倉庫2,京北上弓削町段上ノ下,35.2177018,135.6433875,OK,
1346,元宇津保育園,元宇津保育園,京北中地町蛸谷口92,35.1389541,135.5919477,OK,
1347,元右京区役所第三出張所,元右京区役所第三出張所 庁舎,御室堅町19番,35.0270263,135.7164625,OK,
1348,元右京区役所第三出張所,元右京区役所第三出張所 便所,御室堅町19番,35.0270263,135.7164625,OK,
1349,嵯峨野老人園芸ひろば,嵯峨野老人園芸ひろば,北嵯峨落久保町8-2,35.1566609,135.5251982,OK,
1350,元右京区役所第八出張所,元右京区役所第八出張所 庁舎,西院春日町3番4,35.0051443,135.7298953,OK,
1351,,笑顔ランド太秦 本館,太秦桂ケ原町9番地1,35.0129371,135.7066902,OK,
1352,旧右京保健所,,太秦桂ケ原町9番地1,35.0129371,135.7066902,OK,
1353,旧太秦老人いこいの家,,太秦桂ケ原町9番地1,35.0129371,135.7066902,OK,
1354,太秦児童館,,太秦桂ケ原町9番地1,35.0129371,135.7066902,OK,
1355,笑顔ランド太秦,笑顔ランド太秦 旧付属棟,太秦桂ケ原町9番地1,35.0129371,135.7066902,OK,
1356,笑顔ランド太秦,笑顔ランド太秦 バイク置場,太秦桂ケ原町9番地1,35.0129371,135.7066902,OK,
1357,笑顔ランド太秦,笑顔ランド太秦 危険物貯蔵庫,太秦桂ケ原町9番地1,35.0129371,135.7066902,OK,
1358,移動通信用施設,移動通信用施設,京北周山町城山54番5,35.1569917,135.6266962,OK,
1359,洛西新住宅市街地開発事業関連施設,洛西新住宅市街地開発事業関連施設 公衆便所１,大原野東境谷町二丁目5番地の11,34.9613211,135.676656,OK,
1360,洛西新住宅市街地開発事業関連施設,洛西新住宅市街地開発事業関連施設 駐車場管理棟,大原野東境谷町二丁目5番地の11,34.9613211,135.676656,OK,
1361,洛西新住宅市街地開発事業関連施設,洛西新住宅市街地開発事業関連施設 タクシー待合所,大原野東境谷町二丁目5番地の11,34.9613211,135.676656,OK,
1362,洛西新住宅市街地開発事業関連施設,洛西新住宅市街地開発事業関連施設 休憩所,大原野東境谷町二丁目5番地の11,34.9613211,135.676656,OK,
1363,洛西新住宅市街地開発事業関連施設,洛西新住宅市街地開発事業関連施設 自転車置場,大原野東境谷町二丁目5番地の11,34.9613211,135.676656,OK,
1364,洛西新住宅市街地開発事業関連施設,洛西新住宅市街地開発事業関連施設 公衆便所２,大原野東境谷町二丁目5番地の11,34.9613211,135.676656,OK,
1365,洛西新住宅市街地開発事業関連施設,洛西新住宅市街地開発事業関連施設 器具収納庫,大原野東境谷町二丁目5番地の11,34.9613211,135.676656,OK,
1366,元納所福祉センター,元納所福祉センター,納所北城堀10番地の1,34.9107955,135.7203087,OK,
1367,旧伏見区役所神川出張所,旧伏見区役所神川出張所 庁舎,久我御旅町3番地の3,34.9421222,135.7327809,OK,
1368,,旧伏見区役所福祉事務所,御駕籠町91番地,34.9377967,135.760894,OK,
1369,伏見板橋児童館,,御駕籠町91番地,34.9377967,135.760894,OK,
1370,旧伏見青少年活動センター,,御駕籠町91番地,34.9377967,135.760894,OK,
1371,下鳥羽公園,下鳥羽公園 クラブハウス,下鳥羽西芹川町,34.9424236,135.7479526,OK,
1372,京都動物愛護センター,京都動物愛護センター 動物収容棟,上鳥羽仏現寺町11番地,34.9710954,135.7503273,OK,
1373,京都動物愛護センター,京都動物愛護センター 事務所棟,上鳥羽仏現寺町11番地,34.9710954,135.7503273,OK,
1374,京都動物愛護センター,京都動物愛護センター アプローチギャラリー,上鳥羽仏現寺町11番地,34.9710954,135.7503273,OK,
1375,京北・左京山間部土木みどり事務所,京北・左京山間部土木みどり事務所 資材倉庫,京北周山町下台2-1,35.1581917,135.6323086,OK,
1376,京北・左京山間部土木みどり事務所,京北・左京山間部土木みどり事務所 油屋,京北周山町下台2-1,35.1581917,135.6323086,OK,
1377,元下京まち美化事務所,元下京まち美化事務所 小型車庫棟,壬生下溝町44番地の3,34.9990608,135.7365446,OK,
1378,元下京まち美化事務所,元下京まち美化事務所 受水槽棟,壬生下溝町44番地の3,34.9990608,135.7365446,OK,
1379,北部土木みどり事務所,北部土木みどり事務所 ガレージ棟,大宮東脇台町8番地,35.0545076,135.7445598,OK,
1380,紫明消防出張所,紫明消防出張所　庁舎,小山南上総町1-1,35.0403118,135.7582758,OK,
1381,京都市立病院消防出張所,京都市立病院消防出張所　庁舎,壬生東高田町1-2,34.9972363,135.735003,OK,
1382,旧三井家下鴨別邸,旧三井家下鴨別邸　主屋,下鴨宮河町58-2,35.0317825,135.7719078,OK,
1383,,桂坂保育園・桂坂児童館,御陵大枝山町四丁目30番地,34.9855004,135.6657815,OK,
1384,桂坂保育所（民間保育所）,,御陵大枝山町四丁目30番地,34.9855004,135.6657815,OK,
1385,桂坂児童館,,御陵大枝山町四丁目30番地,34.9855004,135.6657815,OK,
1386,中央食肉市場（中央卸売市場第二市場）,中央食肉市場（中央卸売市場第二市場） 市場本棟,吉祥院石原東之口町2番地,34.9640703,135.7317791,OK,
1387,奥田家住宅,奥田家住宅　主屋,西野山階町35番地,34.9828144,135.8091694,OK,
1388,奥田家住宅,奥田家住宅　長屋門,西野山階町35番地,34.9828144,135.8091694,OK,
1389,奥田家住宅,奥田家住宅　蔵,西野山階町35番地,34.9828144,135.8091694,OK,
1390,寄付受納物件（山田上ノ町）,寄付受納物件（山田上ノ町）　母屋,山田上ノ町9番1,34.9874975,135.6893575,OK,
1391,寄付受納物件（山田上ノ町）,寄付受納物件（山田上ノ町）　居宅,山田上ノ町9番1,34.9874975,135.6893575,OK,
1392,寄付受納物件（山田上ノ町）,寄付受納物件（山田上ノ町）　物置,山田上ノ町9番1,34.9874975,135.6893575,OK,
1393,寄付受納物件（山田上ノ町）,寄付受納物件（山田上ノ町）　倉庫,山田上ノ町9番1,34.9874975,135.6893575,OK,
1394,寄付受納物件（山田上ノ町）,寄付受納物件（山田上ノ町）　アパート,山田上ノ町9番2,34.9874975,135.6893575,OK,
1395,寄付受納物件（山田上ノ町）,寄付受納物件（山田上ノ町）　貸家,山田上ノ町9番3,34.9874975,135.6893575,OK,
1396,し尿前処理施設,し尿前処理施設,西九条森本町83番地1,34.9718159,135.750722,OK,
1397,旧三井家下鴨別邸,旧三井家下鴨別邸　玄関棟,下鴨宮河町58-2,35.0317825,135.7719078,OK,
1398,旧三井家下鴨別邸,旧三井家下鴨別邸　茶室,下鴨宮河町58-2,35.0317825,135.7719078,OK,
1399,旧三井家下鴨別邸,旧三井家下鴨別邸　ポンプ室,下鴨宮河町58-2,35.0317825,135.7719078,OK,
1400,旧三井家下鴨別邸,旧三井家下鴨別邸　便所,下鴨宮河町58-2,35.0317825,135.7719078,OK,
1401,京都駅八条口西・東自転車駐車場,京都駅八条口西東自転車駐車場 管理事務所,西九条北ノ内町,34.9844499,135.7541716,OK,
1402,市役所前広場自転車駐車場,市役所前広場自転車駐車場 管理事務所,寺町通御池上る上本能寺前町488番地,35.0120084,135.7681991,OK,
1403,元計量検査所,元計量検査所,太秦京ノ道町13番地の2,35.0207066,135.7030184,OK,
1404,中央卸売市場第一市場,中央卸売市場第一市場 青果北荷捌場棟,朱雀分木町80番地,34.9895853,135.7415486,OK,
1405,中央卸売市場第一市場,中央卸売市場第一市場 新七条警備棟警備室,朱雀分木町80番地,34.9895853,135.7415486,OK,
1406,中央卸売市場第一市場,中央卸売市場第一市場 新七条警備棟自転車置場,朱雀分木町80番地,34.9895853,135.7415486,OK,
1407,動物園,動物園 東サービスステーション,岡崎法勝寺町岡崎公園内,35.0134144,135.7850382,OK,
1408,動物園,動物園 ゾウ舎,岡崎法勝寺町岡崎公園内,35.0134144,135.7850382,OK,
1409,京都市役所,京都市役所　分庁舎,寺町通二条下る榎木町450番地1,35.0125994,135.7676277,OK,
1410,京都市役所,京都市役所　西庁舎,寺町通御池上る上本能寺前町488番地,35.0120084,135.7681991,OK,
1411,矢代プール（旧教員住宅跡地）,矢代プール（旧教員住宅跡地）　旧更衣室,京北矢代中町馬場谷道ノ上32番1他,35.1814215,135.6010061,OK,
1412,国際交流会館,国際交流会館　車庫,粟田口鳥居町2番地の1,35.0106866,135.7875028,OK,
1413,菊浜消防分団倉庫,菊浜消防分団倉庫,西木屋町通上ノ口上る梅湊町83番地の1,34.9931917,135.7651265,OK,
1414,国際交流会館,国際交流会館　四阿,粟田口鳥居町2番地の1,35.0106866,135.7875028,OK,
1415,宝が池公園運動施設,宝が池公園運動施設体育館,松ケ崎東池ノ内町ほか,35.054192,135.7766854,OK,
1416,宝が池公園運動施設,宝が池公園運動施設体育館　自転車置場,松ケ崎東池ノ内町ほか,35.054192,135.7766854,OK,
1417,中央卸売市場第一市場,中央卸売市場第一市場 花屋町駐車場棟,吉祥院石原東之口町2番地,34.9640703,135.7317791,OK,
1418,中央食肉市場（中央卸売市場第二市場）,中央食肉市場（中央卸売市場第二市場） 外部と畜棟,吉祥院石原東之口町2番地,34.9640703,135.7317791,OK,
1419,中央食肉市場（中央卸売市場第二市場）,中央食肉市場（中央卸売市場第二市場） 浄化槽,吉祥院石原東之口町2番地,34.9640703,135.7317791,OK,
1420,中央食肉市場（中央卸売市場第二市場）,中央食肉市場（中央卸売市場第二市場） 倉庫棟,吉祥院石原東之口町2番地,34.9640703,135.7317791,OK,
1421,深草墓園,深草墓園 集会室棟,深草石峰寺山町,34.9648901,135.7752039,OK,
1422,南部区画整理事務所,南部区画整理事務所 東自転車置場棟,深草五反田町112番地,34.9570539,135.7629479,OK,
1423,南部区画整理事務所,南部区画整理事務所 西自転車置場棟,深草五反田町112番地,34.9570539,135.7629479,OK,
1424,西勧修寺消防出張所,西勧修寺消防出張所 庁舎,深草神明講谷町２番地の１,34.9560871,135.7894133,OK,
1425,西勧修寺消防出張所,西勧修寺消防出張所 訓練棟,深草神明講谷町２番地の１,34.9560871,135.7894133,OK,
1426,西勧修寺消防出張所,西勧修寺消防出張所 自転車置場,深草神明講谷町２番地の１,34.9560871,135.7894133,OK,
1427,安井児童館,安井児童館,太秦安井柳通町14番地の1,35.014475,135.7202283,OK,
1428,焼却灰溶融施設,焼却灰溶融施設　工場棟,醍醐陀羅谷１番地の１３８他,34.9559329,135.8518944,OK,
1429,焼却灰溶融施設,焼却灰溶融施設　管理棟,醍醐陀羅谷１番地の１３８他,34.9559329,135.8518944,OK,
1430,焼却灰溶融施設,焼却灰溶融施設　渡廊下,醍醐陀羅谷１番地の１３８他,34.9559329,135.8518944,OK,
1431,焼却灰溶融施設,焼却灰溶融施設　ストックヤード,醍醐陀羅谷１番地の１３８他,34.9559329,135.8518944,OK,
1432,南部クリーンセンター,南部クリーンセンター　工場棟（第二工場）,横大路八反田29番地,34.9163996,135.735377,OK,
1433,南部クリーンセンター,南部クリーンセンター　警備員詰所,横大路八反田29番地,34.9163996,135.735377,OK,
1434,南部クリーンセンター,南部クリーンセンター　入口計量棟,横大路八反田29番地,34.9163996,135.735377,OK,
1435,南部クリーンセンター,南部クリーンセンター　市民記入所,横大路八反田29番地,34.9163996,135.735377,OK,
1436,南部クリーンセンター,南部クリーンセンター　出口計量棟,横大路八反田29番地,34.9163996,135.735377,OK,
1437,南部クリーンセンター,南部クリーンセンター　車庫棟（第二工場）,横大路八反田29番地,34.9163996,135.735377,OK,
1438,南部クリーンセンター,南部クリーンセンター　駐輪場,横大路八反田29番地,34.9163996,135.735377,OK,
1439,南部クリーンセンター,南部クリーンセンター　庇,横大路八反田29番地,34.9163996,135.735377,OK,
1440,南部クリーンセンター,南部クリーンセンター　煙突棟,横大路八反田29番地,34.9163996,135.735377,OK,
1441,吉祥院公園,吉祥院公園 クラブハウス,吉祥院新田下ノ向町,34.971053,135.7230846,OK,
1442,武道センター,武道センター 旧武徳殿,聖護院円頓美町46番地の2,35.0169923,135.780837,OK,
1443,南部区画整理事務所（１階一部：みどり政策推進室）,南部区画整理事務所　事務所棟（１階一部：みどり政策推進室）,深草五反田町112番地,34.9570539,135.7629479,OK,
1444,中央斎場,中央斎場 渡り廊下棟,上花山旭山町19番地の3,34.9852928,135.787937,OK,
1445,中央斎場,中央斎場 待合棟,上花山旭山町19番地の3,34.9852928,135.787937,OK,
1446,京都市交流促進・まちづくりプラザ,京都市交流促進・まちづくりプラザ　南棟-1,川島五反長町１８番地の２,34.9686355,135.7037302,OK,
1447,京都市交流促進・まちづくりプラザ,京都市交流促進・まちづくりプラザ　南棟-2,川島五反長町１８番地の２,34.9686355,135.7037302,OK,
1448,京都市交流促進・まちづくりプラザ,京都市交流促進・まちづくりプラザ　北棟,川島五反長町１８番地の２,34.9686355,135.7037302,OK,
1449,北部みどり管理事務所,北部みどり管理事務所　事務所棟,西院西貝川町31番地,35.0027946,135.7151424,OK,
1450,京都駅八条口旅客自動車待機場等,京都駅八条口タクシー待機場,東九条院町9番地の2　等,34.9835959,135.7559486,OK,
1451,京都駅八条口旅客自動車待機場等,京都駅八条口貸切バス乗降場,東九条西山王町32番地,34.9829855,135.7606877,OK,
1452,京都駅八条口旅客自動車待機場等,京都駅八条口貸切バス臨時降車場,東九条室町49番地,34.9834399,135.7574295,OK,
1453,中央食肉市場（中央卸売市場第二市場）,中央食肉市場（中央卸売市場第二市場） 守衛所,吉祥院石原東之口町2番地,34.9640703,135.7317791,OK,
1454,北消防署,北消防署,大宮西脇台町１７番地の２,35.0538994,135.743711,OK,
1455,北消防署,北消防署　駐輪場,大宮西脇台町１７番地の２,35.0538994,135.743711,OK,
1456,北消防署,北消防署　備蓄倉庫棟,大宮西脇台町１７番地の２,35.0538994,135.743711,OK,
1457,,ふれあい共生館　北館,紫野西舟岡町２,35.0392135,135.7393678,OK,
1458,楽只児童館,,紫野西舟岡町２,35.0392135,135.7393678,OK,
1459,ツラッティ千本,,紫野西舟岡町２,35.0392135,135.7393678,OK,
1460,HAPSスタジオ,,紫野西舟岡町２,35.0392135,135.7393678,OK,
1461,北いきいき市民活動センター,ふれあい共生館　本館,紫野西舟岡町２,35.0392135,135.7393678,OK,
1462,天才アートKYOTOアトリエ,,紫野西舟岡町２,35.0392135,135.7393678,OK,
1463,北いきいき市民活動センター,,紫野西舟岡町２,35.0392135,135.7393678,OK,
1464,ツラッティ千本,,紫野西舟岡町２,35.0392135,135.7393678,OK,
1465,,ふれあい共生館　西館,紫野西舟岡町２,35.0392135,135.7393678,OK,
1466,天才アートKYOTOアトリエ,,紫野西舟岡町２,35.0392135,135.7393678,OK,
1467,北いきいき市民活動センター,ふれあい共生館　講堂,紫野西舟岡町２,35.0392135,135.7393678,OK,
1468,久我・ふれあいの杜体験農園,市民農園　事務所,久我御旅町7番19,34.942382,135.7285162,OK,
1469,久我・ふれあいの杜体験農園,市民農園　トイレ,久我御旅町7番19,34.942382,135.7285162,OK,
1470,みやこ夢テラス,みやこ夢テラス,東九条上殿田町他,34.9832839,135.7589105,OK,
1471,京都駅八条口駅前広場サンクンガーデン,京都駅八条口駅前広場サンクンガーデン,東九条西山王町,34.9829855,135.7606877,OK,
1472,地下道接続道路,地下道接続道路,下本能寺前町,35.0101305,135.7677971,OK,
1473,ふれあいの杜北学習室,ふれあいの杜北学習室,鷹峯旧土居町4-3,35.0421569,135.7367016,OK,
1474,鳳徳老人デイサービスセンター,鳳徳老人デイサービスセンター,紫野上鳥田町30番地,35.044851,135.7520776,OK,
1475,動物園,動物園　キリン舎,岡崎法勝寺町岡崎公園内,35.0134144,135.7850382,OK,
1476,元離宮二条城,元離宮二条城　本丸御殿,二条通堀川西入二条城町541番地,35.0151103,135.7477878,OK,
1477,武道センター,武道センター　守衛棟,聖護院円頓美町46番地の2,35.0169923,135.780837,OK,
1478,武道センター,武道センター　南門,聖護院円頓美町46番地の2,35.0169923,135.780837,OK,
1479,京北ふれあいプール,京北ふれあいプール　更衣室,京北中地町蛸谷口,35.1387117,135.5930361,OK,
1480,京北運動公園,京北運動公園　更衣室,京北比賀江町院谷ほか,35.1817553,135.6630406,OK,
1481,西院公園,西院公園 便所（南側）,西院日照町,35.0015904,135.7242685,OK,
1482,勧修寺公園,勧修寺公園 　更衣棟,勧修寺東金ケ崎,34.9668398,135.8092899,OK,
1483,伏見桃山城運動公園,伏見桃山城運動公園 野球場ダッグアウト（1塁側）,桃山町大蔵地内,34.9409401,135.7787595,OK,
1484,伏見桃山城運動公園,伏見桃山城運動公園 野球場ダッグアウト（3塁側）,桃山町大蔵地内,34.9409401,135.7787595,OK,
1485,伏見桃山城運動公園,伏見桃山城運動公園 野球場 審判控室,桃山町大蔵地内,34.9409401,135.7787595,OK,
1486,伏見桃山城運動公園,伏見桃山城運動公園 野球場 諸室,桃山町大蔵地内,34.9409401,135.7787595,OK,
1487,伏見桃山城運動公園,伏見桃山城運動公園 倉庫（砂置き場）,桃山町大蔵地内,34.9409401,135.7787595,OK,
1488,伏見桃山城運動公園,伏見桃山城運動公園 倉庫（砂置き場）,桃山町大蔵地内,34.9409401,135.7787595,OK,
1489,吉祥院公園,吉祥院公園便所４（野球場東）,吉祥院新田下ノ向町,34.971053,135.7230846,OK,
1490,京都市立芸術大学,京都市立芸術大学 プロパン庫（旧音高）,"大枝沓掛町14-26,14-27,14-197",34.9749543,135.6614916,OK,
1491,山科積替所,山科積替所,勧修寺閑林寺83番地8,34.9561016,135.8114915,OK,
1492,中央食肉市場（中央卸売市場第二市場）,中央食肉市場（中央卸売市場第二市場） 駐輪場01,吉祥院石原東之口町2番地,34.9640703,135.7317791,OK,
1493,中央食肉市場（中央卸売市場第二市場）,中央食肉市場（中央卸売市場第二市場） 駐輪場02,吉祥院石原東之口町2番地,34.9640703,135.7317791,OK,
1494,中央食肉市場（中央卸売市場第二市場）,中央食肉市場（中央卸売市場第二市場） 駐輪場03,吉祥院石原東之口町2番地,34.9640703,135.7317791,OK,
1495,中央卸売市場第一市場,中央卸売市場第一市場　仮設綜合棟,朱雀分木町80番地,34.9895853,135.7415486,OK,
1496,中央卸売市場第一市場,中央卸売市場第一市場　八坂駐車場仮設棟,朱雀分木町80番地,34.9895853,135.7415486,OK,
1497,野外教育センター奥志摩みさきの家,元野外教育センター奥志摩みさきの家 管理人棟,志摩市大王町船越231番地,34.2656503,136.8602231,OK,
1498,野外教育センター奥志摩みさきの家,元野外教育センター奥志摩みさきの家 倉庫,志摩市大王町船越231番地,34.2656503,136.8602231,OK,
1499,野外教育センター奥志摩みさきの家,元野外教育センター奥志摩みさきの家 機械室,志摩市大王町船越231番地,34.2656503,136.8602231,OK,
1500,野外教育センター奥志摩みさきの家,元野外教育センター奥志摩みさきの家 配膳棚,志摩市大王町船越231番地,34.2656503,136.8602231,OK,
1501,国際交流会館,国際交流会館渡廊下,粟田口鳥居町2番地の1,35.0106866,135.7875028,OK,
1502,中央斎場,中央斎場　エレベーター棟,上花山旭山町19番地の3,34.9852928,135.787937,OK,
1503,中央斎場,中央斎場　受水槽棟,上花山旭山町19番地の3,34.9852928,135.787937,OK,
1504,中央斎場,中央斎場　旧受水槽ポンプ室棟,上花山旭山町19番地の3,34.9852928,135.787937,OK,
1505,中央斎場,中央斎場　聖土槽ピット上屋,上花山旭山町19番地の3,34.9852928,135.787937,OK,
1506,楽只保育所,楽只保育所,紫野西舟岡町2,35.0392135,135.7393678,OK,
1507,修学院学童保育所,修学院学童保育所,修学院沖殿町1番地,35.0524587,135.7936081,OK,
1508,元楽只保育所船岡分園,元楽只保育所船岡分園,紫野下築山町20番地,35.0391084,135.7456546,OK,
1509,元離宮二条城,元離宮二条城 機械庫・車庫（２）,二条通堀川西入二条城町541番地,35.0151103,135.7477878,OK,
1510,元離宮二条城,元離宮二条城　放水銃貯水槽・ポンプ室,二条通堀川西入二条城町541番地,35.0151103,135.7477878,OK,
1511,元離宮二条城,浴室,二条通堀川西入二条城町541番地,35.0151103,135.7477878,OK,
1512,元離宮二条城,駐輪場（２）,二条通堀川西入二条城町541番地,35.0151103,135.7477878,OK,
1513,元離宮二条城,元離宮二条城　二の丸御殿車寄西倉庫,二条通堀川西入二条城町541番地,35.0151103,135.7477878,OK,
1514,元離宮二条城,元離宮二条城　二の丸御殿警備ボックス,二条通堀川西入二条城町541番地,35.0151103,135.7477878,OK,
1515,元離宮二条城,元離宮二条城　本丸櫓門,二条通堀川西入二条城町541番地,35.0151103,135.7477878,OK,
1516,元離宮二条城,元離宮二条城　唐門,二条通堀川西入二条城町541番地,35.0151103,135.7477878,OK,
1517,元離宮二条城,元離宮二条城　台所,二条通堀川西入二条城町541番地,35.0151103,135.7477878,OK,
1518,元離宮二条城,元離宮二条城　御清所,二条通堀川西入二条城町541番地,35.0151103,135.7477878,OK,
1519,元離宮二条城,元離宮二条城　東大手門,二条通堀川西入二条城町541番地,35.0151103,135.7477878,OK,
1520,元離宮二条城,元離宮二条城　北大手門,二条通堀川西入二条城町541番地,35.0151103,135.7477878,OK,
1521,元離宮二条城,元離宮二条城　西門,二条通堀川西入二条城町541番地,35.0151103,135.7477878,OK,
1522,元離宮二条城,元離宮二条城　東南隅櫓,二条通堀川西入二条城町541番地,35.0151103,135.7477878,OK,
1523,元離宮二条城,元離宮二条城　西南隅櫓,二条通堀川西入二条城町541番地,35.0151103,135.7477878,OK,
1524,元離宮二条城,元離宮二条城　土蔵（米蔵）,二条通堀川西入二条城町541番地,35.0151103,135.7477878,OK,
1525,元離宮二条城,元離宮二条城　土蔵（北）（米蔵）,二条通堀川西入二条城町541番地,35.0151103,135.7477878,OK,
1526,元離宮二条城,元離宮二条城　土蔵（南）（米蔵）,二条通堀川西入二条城町541番地,35.0151103,135.7477878,OK,
1527,元離宮二条城,元離宮二条城　鳴子門,二条通堀川西入二条城町541番地,35.0151103,135.7477878,OK,
1528,元離宮二条城,元離宮二条城　桃山門,二条通堀川西入二条城町541番地,35.0151103,135.7477878,OK,
1529,元離宮二条城,元離宮二条城　北中仕切門,二条通堀川西入二条城町541番地,35.0151103,135.7477878,OK,
1530,元離宮二条城,元離宮二条城　南中仕切門,二条通堀川西入二条城町541番地,35.0151103,135.7477878,OK,
1531,元離宮二条城,元離宮二条城　北中仕切門,二条通堀川西入二条城町541番地,35.0151103,135.7477878,OK,
1532,元離宮二条城,元離宮二条城　南中仕切門,二条通堀川西入二条城町541番地,35.0151103,135.7477878,OK,
1533,中央卸売市場第一市場,中央卸売市場第一市場　新水産棟,朱雀分木町80番地,34.9895853,135.7415486,OK,
1534,みささぎ分館,みささぎ分館,御陵池堤町28-3,34.9989507,135.7988762,OK,
1535,元離宮二条城,資材置場（農薬置き場北東・南東）,二条通堀川西入二条城町541番地,35.0151103,135.7477878,OK,
1536,元離宮二条城,資材置場（管理係倉庫西側下屋）,二条通堀川西入二条城町541番地,35.0151103,135.7477878,OK,
1537,元離宮二条城,苗場,二条通堀川西入二条城町541番地,35.0151103,135.7477878,OK,
1538,元離宮二条城,仮設倉庫,二条通堀川西入二条城町541番地,35.0151103,135.7477878,OK,
1539,元離宮二条城,資材置場（仮設倉庫隣）,二条通堀川西入二条城町541番地,35.0151103,135.7477878,OK,
1540,元離宮二条城,元離宮二条城　総合案内所,二条通堀川西入二条城町541番地,35.0151103,135.7477878,OK,
1541,京北バイオガス化施設,京北バイオガス化施設,京北塔町隠谷１番地,35.1877758,135.6550602,OK,
1542,御前児童館,御前児童館,壬生東土居ノ内町 ２０番地の１,35.0030381,135.7354245,OK,
1543,,COCO・てらす,壬生東高田町１番地の２０,34.9983307,135.734358,OK,
1544,児童福祉センター,,壬生東高田町１番地の２０,34.9983307,135.734358,OK,
1545,地域リハビリテーション推進センター,,壬生東高田町１番地の２０,34.9983307,135.734358,OK,
1546,こころの健康増進センター,,壬生東高田町１番地の２０,34.9983307,135.734358,OK,
1547,朱雀工房,,壬生東高田町１番地の２０,34.9983307,135.734358,OK,
1548,西京区役所,西京区役所　西京区総合庁舎東庁舎,上桂森下町25番地の1,34.9849525,135.6932829,OK,
1549,学外連携・政策連携スペース,学外連携・政策連携スペース,下之町57-1,34.9862785,135.7642422,OK,
1550,芸術大学資料室,芸術大学資料室,下之町7-55、7-66、7-90,34.9864814,135.7648048,OK,
1551,永守重信大枝文化会館,永守重信大枝文化会館,大枝塚原町4番地の63,34.9726565,135.672884,OK,
1552,京都市地域・多文化交流ネットワークセンター,京都市地域・多文化交流ネットワークセンター,東九条東岩本町31,34.9822553,135.765242,OK,
1553,学校歴史博物館,"敷地内屋外トイレ
（通用門横）",御幸町通仏光寺下る橘町437,35.0008319,135.765757,OK,
1554,動物園,京都の森展示施設,岡崎法勝寺町岡崎公園内,35.0134144,135.7850382,OK,
1555,動物園,京都の森便所棟,岡崎法勝寺町岡崎公園内,35.0134144,135.7850382,OK,
1556,改進運動広場,改進運動広場 便所,竹田藁屋町4番地の1,34.9468142,135.7526908,OK,
1557,宝が池公園運動施設球技場,南東トイレ,松ケ崎東池ノ内町ほか,35.054192,135.7766854,OK,
1558,宝が池公園運動施設球技場,南西トイレ,松ケ崎東池ノ内町ほか,35.054192,135.7766854,OK,
1559,京北運動公園,京北運動公園　テニスコート横,京北比賀江町院谷ほか,35.1817553,135.6630406,OK,
1560,西京極総合運動公園陸上競技場兼球技場,西京極総合運動公園 スポーツ会館南側園路トイレ,西京極新明町29番地,34.9937522,135.712438,OK,
1561,西京極総合運動公園陸上競技場兼球技場,西京極総合運動公園 野球場南側園路トイレ,西京極新明町29番地,34.9937522,135.712438,OK,
1562,西京極総合運動公園補助競技場,西京極総合運動公園 補助競技場北東園路トイレ,西京極新明町29番地,34.9937522,135.712438,OK,
1563,西京極総合運動公園補助競技場,西京極総合運動公園 陸上競技場西側園路トイレ,西京極新明町29番地,34.9937522,135.712438,OK,
